[
  {
    "url": "http://rlv.zcache.com/palabra_china_para_10143_3_pdf_casual_adorno_para_tartas-rbd36b987848641f2bc0d2b46c35ce96c_fupml_8byvr_324.jpg",
    "NSFW": "UNLIKELY",
    "caption": "Palabra china para 10143_3.pdf casual decoraciones de tartas",
    "id": 105833294,
    "similarity": "0.3179495632648468"
  },
  {
    "url": "http://cdn.vectorstock.com/i/thumbs/01,38/matsusaka-beef-vector-1710138.jpg",
    "NSFW": "NSFW",
    "caption": "Matsusaka beef vector | Price: 1 Credit (USD $1)",
    "id": 264850198,
    "similarity": "0.31588584184646606"
  },
  {
    "url": "http://rlv.zcache.com/chinese_name_for_lena_20203_2_pdf_greeting_card-r1cf12877c2c34aab99d47020a436ef30_xvuak_8byvr_324.jpg",
    "NSFW": "UNLIKELY",
    "caption": "Chinese name for Lena 20203_2.pdf Greeting Card",
    "id": 85891045,
    "similarity": "0.31588584184646606"
  },
  {
    "url": "http://st.depositphotos.com/1001003/1386/i/170/depositphotos_13869753-Mao-Tse-Tung.jpg",
    "NSFW": "UNLIKELY",
    "caption": "Mao Tse-Tung — Stock Photo",
    "id": 172915234,
    "similarity": "0.3152528405189514"
  },
  {
    "url": "https://t1.ftcdn.net/jpg/00/15/63/20/240_F_15632042_M4BGxAQUTbrOq7PKWiqvz9vwq9GXUW7h.jpg",
    "NSFW": "UNSURE",
    "caption": "Mao Tse Tung on 1 Yuan 1999 Banknote from China",
    "id": 251660918,
    "similarity": "0.314935564994812"
  },
  {
    "url": "https://masterbundles.com/wp-content/uploads/edd/2020/07/9-1-1.jpg",
    "NSFW": "UNLIKELY",
    "caption": "Mischief -  Alphabet Brush Calligraphy Font + Extras - 9 1 1",
    "id": 383431799,
    "similarity": "0.31428006291389465"
  },
  {
    "url": "https://i2.wp.com/img.jslin.tw/web_upload/20190524192723_84.jpg",
    "NSFW": "NSFW",
    "caption": "毛囊蠕形蟲症,demodicosis,demodex,粉刺",
    "id": 280459664,
    "similarity": "0.3139698803424835"
  },
  {
    "url": "https://cdn.shopify.com/s/files/1/0668/3101/products/Adventure_Kanji_Vinyl_Sticker_Decal_JDM_Drift_Race_1024x1024_90a81f63-d924-4e60-ade1-a84de1aa4ff5_1024x1024.JPG?v=1415670283",
    "NSFW": "UNLIKELY",
    "caption": "Adventure Kanji JDM Racing | Die Cut Vinyl Sticker Decal | Sticky Addiction",
    "id": 90079688,
    "similarity": "0.31347164511680603"
  },
  {
    "url": "https://china-underground.com/wp-content/uploads/2017/09/Mao-zedong-enameled-metal-sign-cultural-revolution-292x300.jpg",
    "NSFW": "UNLIKELY",
    "caption": "Mao-zedong-enameled-metal-sign-cultural-revolution",
    "id": 217991260,
    "similarity": "0.3131987750530243"
  },
  {
    "url": "http://rlv.zcache.com/chinese_zodiac_pig_bumper_sticker-rfc9090ad06644c748d8df851a2181988_v9wht_8byvr_512.jpg",
    "NSFW": "UNLIKELY",
    "caption": "Chinese Zodiac - Pig Bumper Sticker",
    "id": 271847309,
    "similarity": "0.31281036138534546"
  },
  {
    "url": "http://rlv.zcache.com.au/chinese_name_for_march_60007_0_pdf_magnet-r5678d403f03f4c73b775aa80ed4850b9_adgu2_8byvr_324.jpg",
    "NSFW": "UNLIKELY",
    "caption": "Chinese name for March 60007_0.pdf Magnet",
    "id": 229165848,
    "similarity": "0.31263267993927"
  },
  {
    "url": "https://jdcorporateblog.com/wp-content/uploads/2021/01/Chuan-Lu-433x292.png",
    "NSFW": "UNLIKELY",
    "caption": "Movie Director Chuan Lu Produces Mini-Movie for JD ahead of Chinese New Year",
    "id": 31441202,
    "similarity": "0.3117479681968689"
  },
  {
    "url": "https://cdn.slidemodel.com/wp-content/uploads/6613-01-chinese-letters-as-icons-16x9-2.jpg",
    "NSFW": "UNLIKELY",
    "caption": "chinese symbols powerpoint icons slidemodel",
    "id": 32307641,
    "similarity": "0.31142517924308777"
  },
  {
    "url": "http://rlv.zcache.com/chinese_word_for_disbelief_10056_3_pdf_sticker-r2ce5362798cd423eb4d8afe96a276dd5_v9waf_8byvr_324.jpg",
    "NSFW": "UNLIKELY",
    "caption": "Chinese word for Disbelief 10056_3.pdf Round Stickers",
    "id": 327643262,
    "similarity": "0.3112330436706543"
  },
  {
    "url": "https://sinopsis.cz/wp-content/uploads/2019/03/00lingdao.jpg",
    "NSFW": "UNLIKELY",
    "caption": "\"\"\"Party, government, Army, the civilian sector and education, East, West, South, North and Centre – the Party leads it all\"\": Xi Jinping has added this Mao Zedong dictum to the Party constitution. Source: 中国军网.\"",
    "id": 336301911,
    "similarity": "0.31059664487838745"
  },
  {
    "url": "https://www.books.com.tw/img/001/042/66/0010426682.jpg",
    "NSFW": "UNLIKELY",
    "caption": "簡吉 =  The man who led peasants:A short biography of Chien Chi : 臺灣農民運動史詩 /",
    "id": 197323100,
    "similarity": "0.31055474281311035"
  },
  {
    "url": "https://img.stickers.cloud/packs/f5b7f35a-3134-409f-b294-c78015b21862/png/d845d640-8b11-4756-8678-6e667fce4edf.png",
    "NSFW": "UNLIKELY",
    "caption": "HK PEPE - Sticker 11",
    "id": 174982346,
    "similarity": "0.3105539083480835"
  },
  {
    "url": "https://img.youtube.com/vi/ityf96GKB60/mqdefault.jpg",
    "NSFW": "UNLIKELY",
    "caption": "Twinkle Twinkle Little Star in Mandarin",
    "id": 131945625,
    "similarity": "0.31028375029563904"
  },
  {
    "url": "https://us.123rf.com/450wm/bluezace/bluezace1303/bluezace130300042/18758886-chinese-zodiac-animal--tiger.jpg",
    "NSFW": "UNSURE",
    "caption": "Chinese Zodiac Animal - Tiger Vector",
    "id": 67325439,
    "similarity": "0.31028375029563904"
  },
  {
    "url": "https://www.picclickimg.com/d/l400/pict/192542671914_/Old-chinese-mini-Book-history-and-culture-adventure.jpg",
    "NSFW": "UNLIKELY",
    "caption": "Old chinese mini Book history and culture adventure Teaching Mr",
    "id": 139769257,
    "similarity": "0.3101440668106079"
  },
  {
    "url": "https://i.pinimg.com/736x/a9/63/c4/a963c4dbeef7771c586fb6d0c9c0b4b6.jpg",
    "NSFW": "UNLIKELY",
    "caption": "UMEGANE WOODWORKS logo, branding, JAPAN on Behance",
    "id": 315406803,
    "similarity": "0.3095197081565857"
  },
  {
    "url": "https://t2.ftcdn.net/jpg/00/67/85/07/240_F_67850772_85h47Vigl5yKF0Bj35k7xo2rt4tt2IW0.jpg",
    "NSFW": "UNLIKELY",
    "caption": "Chinese Sign for gird",
    "id": 226539456,
    "similarity": "0.30950096249580383"
  },
  {
    "url": "https://cdn.onlinewebfonts.com/svg/img_25089.png",
    "NSFW": "UNLIKELY",
    "caption": "Mongolia Tughrik Currency Symbol",
    "id": 117283036,
    "similarity": "0.3085634112358093"
  },
  {
    "url": "https://0.rc.xiniu.com/g2/M00/B2/3F/CgAGe1tpNjaAHu5KAAQy2emeFDY341.jpg",
    "NSFW": "UNLIKELY",
    "caption": "The Leader Networks",
    "id": 113072802,
    "similarity": "0.30838537216186523"
  },
  {
    "url": "https://t1.ftcdn.net/jpg/00/15/63/20/160_F_15632042_M4BGxAQUTbrOq7PKWiqvz9vwq9GXUW7h.jpg",
    "NSFW": "UNLIKELY",
    "caption": "Mao Tse Tung on 1 Yuan 1999 Banknote from China",
    "id": 9139231,
    "similarity": "0.3082510828971863"
  },
  {
    "url": "https://thumbs.dreamstime.com/b/chinese-characters-chinese-new-year-meaning-attracts-wealth-treasures-73886724.jpg",
    "NSFW": "UNLIKELY",
    "caption": "Chinese Characters For Chinese New Year Stock Vector Illustration",
    "id": 193776124,
    "similarity": "0.3082292675971985"
  },
  {
    "url": "https://prudentreviewer.files.wordpress.com/2016/07/chinese-writing.png?w=676",
    "NSFW": "UNLIKELY",
    "caption": "chinese writing",
    "id": 73615165,
    "similarity": "0.30816522240638733"
  },
  {
    "url": "https://1cn9a51rqjf725dws347pvfp-wpengine.netdna-ssl.com/wp-content/uploads/2021/01/Chuan-Lu-433x292.png",
    "NSFW": "UNLIKELY",
    "caption": "Movie Director Chuan Lu Produces Mini-Movie for JD ahead of Chinese New Year",
    "id": 253452653,
    "similarity": "0.3081406056880951"
  },
  {
    "url": "http://slideplayer.com/slide/695282/2/images/9/in+depth+%E5%BD%BB%E5%BA%95%E5%9C%B0+in+regard+to+%E5%85%B3%E4%BA%8E+in+the+neighborhood+of+%E5%A4%A7%E7%BA%A6%E3%80%81%E9%82%BB%E8%BF%91+in+retrospect+%E5%9B%9E%E9%A1%BE%EF%BC%8C%E4%B8%80%E6%83%B3%E8%B5%B7+in+behalf+of+%E4%BB%A3%E8%A1%A8......%E5%88%A9%E7%9B%8A+in+the+least+%E4%B8%80%E7%82%B9%EF%BC%8C%E4%B8%9D%E6%AF%AB.jpg",
    "NSFW": "UNLIKELY",
    "caption": "in depth 彻底地 in regard to 关于 in the neighborhood of 大约、邻近 in retrospect 回顾,一想起 in behalf of 代表......利益 in the least 一点,丝毫",
    "id": 43736230,
    "similarity": "0.30812257528305054"
  },
  {
    "url": "https://img.favpng.com/1/24/6/mooncake-mid-autumn-festival-poster-png-favpng-rvRt9NgKD4ij8NrRFQBG7LGkH_t.jpg",
    "NSFW": "UNLIKELY",
    "caption": "Mid-Autumn Moon Yellow Design Elements - Mooncake Mid-Autumn Festival Poster PNG",
    "id": 155927094,
    "similarity": "0.30799412727355957"
  },
  {
    "url": "http://rlv.zcache.com/chinese_name_for_lena_20203_3_pdf_postcards-r494c8615e0f74362bc37da7fbeba1c3c_vgbaq_8byvr_324.jpg",
    "NSFW": "UNLIKELY",
    "caption": "Chinese name for Lena 20203_3.pdf Postcards",
    "id": 334779365,
    "similarity": "0.3079485595226288"
  },
  {
    "url": "http://rlv.zcache.co.uk/chinese_name_for_enid_20111_3_pdf_round_sticker-r46453ce4222e4b648929753ae567b683_v9waf_8byvr_324.jpg",
    "NSFW": "UNLIKELY",
    "caption": "Chinese name for Enid 20111_3.pdf Round Sticker",
    "id": 325524474,
    "similarity": "0.3079470098018646"
  },
  {
    "url": "http://rlv.zcache.co.uk/chinese_name_for_boris_20478_2_pdf_bumper_sticker-r1a6f1aaac8084595abf0353dbf4689d5_v9wht_8byvr_324.jpg",
    "NSFW": "UNLIKELY",
    "caption": "Chinese name for Boris 20478_2.pdf Bumper Sticker",
    "id": 11061492,
    "similarity": "0.30792930722236633"
  },
  {
    "url": "https://s3.amazonaws.com/chinesepod.com/2839/af995baa2dc5fb3e1381623f857562617c582734/images/1efa44e0b6850e2add8afb15f8ea534bcb33cf9a.jpg",
    "NSFW": "UNLIKELY",
    "caption": "The Two Child Policy",
    "id": 374173561,
    "similarity": "0.30767664313316345"
  },
  {
    "url": "https://t2.ftcdn.net/jpg/00/67/60/71/240_F_67607163_tj7utn72o5SzkDfHkxxzdVKpfUuk3gTm.jpg",
    "NSFW": "UNLIKELY",
    "caption": "Chinese Sign for cancer",
    "id": 89384942,
    "similarity": "0.3076361119747162"
  },
  {
    "url": "http://ink.indiamos.com/blog/wp-content/uploads/2014/02/ruby05_pasted.png",
    "NSFW": "UNLIKELY",
    "caption": "The live Chinese character pasted into InDesign next to the outlined, ruby-labeled version",
    "id": 246840060,
    "similarity": "0.3075582981109619"
  },
  {
    "url": "https://blog.greglow.com/wp-content/uploads/2019/03/DongNanXiBei_FeaturedImage.png",
    "NSFW": "UNLIKELY",
    "caption": "Learning Mandarin: The direction words",
    "id": 160182682,
    "similarity": "0.3074132800102234"
  },
  {
    "url": "https://thumbs.dreamstime.com/t/mao-tse-tung-12265894.jpg",
    "NSFW": "UNLIKELY",
    "caption": "Mao Tse-Tung Stock Images",
    "id": 59521517,
    "similarity": "0.3070809841156006"
  },
  {
    "url": "https://t2.ftcdn.net/jpg/00/67/75/61/240_F_67756106_YIlOFPjbB1v5B722U8lzukpY7ZZWfl44.jpg",
    "NSFW": "UNLIKELY",
    "caption": "Chinese Sign for drug, officinal",
    "id": 140073535,
    "similarity": "0.30707839131355286"
  },
  {
    "url": "https://is5-ssl.mzstatic.com/image/thumb/Purple113/v4/ce/c5/17/cec5175b-eb1f-e01e-d000-fa07b8ca3f98/pr_source.png/512x512bb.jpg",
    "NSFW": "UNLIKELY",
    "caption": "Pretty text for Chinese",
    "id": 370861148,
    "similarity": "0.30706551671028137"
  },
  {
    "url": "http://jameelcentre.ashmolean.org/media/collection/w425/Collections/Single_Objects/EA/EA_2008/EA_2008_0000/EA_2008_31_a-a-L.jpg",
    "NSFW": "UNLIKELY",
    "caption": "Two youths with a banner reading Changzheng duifront",
    "id": 300298414,
    "similarity": "0.3069969117641449"
  },
  {
    "url": "http://rlv.zcache.co.uk/chinese_name_for_wright_20877_1_pdf_stickers-re3d72a766af44d6284774f9c17821c0d_v9waf_8byvr_324.jpg",
    "NSFW": "UNLIKELY",
    "caption": "Chinese name for Wright 20877_1.pdf Stickers",
    "id": 168082745,
    "similarity": "0.30696743726730347"
  },
  {
    "url": "http://www.ktug.org/xe/files/attach/images/1483/828/175/3d8d887a2f355b4929ac5906381e8ce3.png",
    "NSFW": "UNLIKELY",
    "caption": "uhc-hanja-patched.png",
    "id": 4028810,
    "similarity": "0.30674317479133606"
  },
  {
    "url": "https://is2-ssl.mzstatic.com/image/thumb/Purple6/v4/7b/58/00/7b580083-470d-e275-9e57-72c892a1b6ca/source/750x750bb.jpeg",
    "NSFW": "UNLIKELY",
    "caption": "轻松学耳穴 screenshot-3",
    "id": 97503316,
    "similarity": "0.30670812726020813"
  },
  {
    "url": "http://rlv.zcache.com/chinese_symbol_for_copperhead_round_sticker-rc2e02fc2fc7a4701b8bdd95176c0d11d_v9waf_8byvr_324.jpg",
    "NSFW": "UNLIKELY",
    "caption": "Chinese Symbol for copperhead Round Sticker",
    "id": 22169443,
    "similarity": "0.30668190121650696"
  },
  {
    "url": "http://rlv.zcache.co.uk/chinese_name_for_wright_20877_2_pdf_sticker-r1bd8ca5758654be7a14de632fed23169_v9waf_8byvr_324.jpg",
    "NSFW": "UNLIKELY",
    "caption": "Chinese name for Wright 20877_2.pdf Sticker",
    "id": 29406475,
    "similarity": "0.30641138553619385"
  },
  {
    "url": "https://cdn3.geckoandfly.com/wp-content/themes/billboard/images/chinese-quotes.jpg",
    "NSFW": "UNLIKELY",
    "caption": "9 Beautiful And Meaningful Chinese Japanese Kanji Words",
    "id": 399818526,
    "similarity": "0.3063933849334717"
  },
  {
    "url": "http://iconsetc.com/icons-sets/flat-rounded-square-white-on-light-gray/3x3/chinese-character_flat-rounded-square-white-on-light-gray.png",
    "NSFW": "UNLIKELY",
    "caption": "chinese character icon in style flat rounded square white on light gray",
    "id": 56588363,
    "similarity": "0.3062763810157776"
  },
  {
    "url": "http://rlv.zcache.ca/chinese_symbol_for_tranquillity_tranquillity_sticker-r8e5e0f48c06e4af392de06e2d0e36c0d_v9waf_8byvr_324.jpg",
    "NSFW": "UNLIKELY",
    "caption": "Chinese Symbol for tranquillity, tranquillity Sticker",
    "id": 230321456,
    "similarity": "0.3062474727630615"
  },
  {
    "url": "https://mocfile.moc.gov.tw/content/large/68174c7d-c45d-4502-b36f-cfc63fa65cbe.jpg",
    "NSFW": "UNLIKELY",
    "caption": "2014 NATIONAL CULTURAL AWARDS",
    "id": 277640941,
    "similarity": "0.3061651587486267"
  },
  {
    "url": "https://s3contents.chinesepod.com/2839/af995baa2dc5fb3e1381623f857562617c582734/images/1efa44e0b6850e2add8afb15f8ea534bcb33cf9a.jpg",
    "NSFW": "UNLIKELY",
    "caption": "The Two Child Policy",
    "id": 248879320,
    "similarity": "0.30600398778915405"
  },
  {
    "url": "https://t1.ftcdn.net/jpg/00/67/68/24/240_F_67682457_zIQVk03brR1OZjs9mtZjR9y7DVC07yEx.jpg",
    "NSFW": "UNLIKELY",
    "caption": "Chinese Sign for millet, foxtail millet",
    "id": 161048789,
    "similarity": "0.3057606816291809"
  },
  {
    "url": "https://btth.pl/wp-content/uploads/2019/02/kanji-pig-hanzi-400x400.png",
    "NSFW": "UNLIKELY",
    "caption": "Chinese character for pig, Japanese character for pig, year of the pig, Chinese zodiac sign",
    "id": 133082624,
    "similarity": "0.30573752522468567"
  },
  {
    "url": "http://rlv.zcache.com.au/chinese_name_for_anna_20020_4_pdf_print-r4dc21b534bc14c5599f90fed584790eb_a5fg_8byvr_324.jpg",
    "NSFW": "UNLIKELY",
    "caption": "Chinese name for Anna 20020_4.pdf Print",
    "id": 200610706,
    "similarity": "0.3056934177875519"
  },
  {
    "url": "https://pic.chinesefontdesign.com/uploads/2017/01/chinesefontdesign.com_2017-01-21_21-06-07.jpg",
    "NSFW": "UNLIKELY",
    "caption": "chinesefontdesign.com 2017 01 21 21 06 07 55P Wonderful idea of the Chinese font logo design #.101",
    "id": 404695316,
    "similarity": "0.3055616319179535"
  },
  {
    "url": "https://cdn.shopify.com/s/files/1/1861/5239/products/WSYF_Cover_OP_2_1024x1024.jpg?v=1582769839",
    "NSFW": "UNLIKELY",
    "caption": "弟喂,做人阿甲阿甲就好(90 Stories of Wang Sha and Ye Feng)",
    "id": 341459951,
    "similarity": "0.3054046630859375"
  },
  {
    "url": "http://rlv.zcache.co.uk/chinese_name_for_luca_22259_4_pdf_magnets-raed4a9e42bf34701a6b747abe6103327_adgu2_8byvr_324.jpg",
    "NSFW": "UNLIKELY",
    "caption": "Chinese name for Luca 22259_4.pdf Magnets",
    "id": 304936040,
    "similarity": "0.3053934574127197"
  },
  {
    "url": "http://rlv.zcache.com/chinese_name_for_jimmy_22417_3_pdf_cake_topper-r8da3b91468df4c5fb640f93e37de3ebd_fupml_8byvr_512.jpg",
    "NSFW": "UNLIKELY",
    "caption": "Chinese name for Jimmy 22417_3.pdf Cake Topper",
    "id": 261596186,
    "similarity": "0.3053934574127197"
  },
  {
    "url": "https://i1.ytimg.com/vi/Zs8TRQ4PTYk/hqdefault.jpg",
    "NSFW": "UNLIKELY",
    "caption": "蘇打綠 sodagreen -【我好想你】Official Music Video",
    "id": 132122462,
    "similarity": "0.30530935525894165"
  },
  {
    "url": "https://pic.chinesefontdesign.com/uploads/2020/01/chinesefontdesign.com-2020-01-21-11-45-48-36.png",
    "NSFW": "UNLIKELY",
    "caption": "Chinese New Year Fonts Created by Traditional Chinese Calligraphy",
    "id": 176157611,
    "similarity": "0.30530935525894165"
  },
  {
    "url": "http://rlv.zcache.com/chinese_name_for_lena_20203_2_pdf_post_cards-rf135c853ac744c70ad4b508ca2ba36e3_vgbaq_8byvr_324.jpg",
    "NSFW": "UNLIKELY",
    "caption": "Chinese name for Lena 20203_2.pdf Post Cards",
    "id": 299831093,
    "similarity": "0.30510860681533813"
  },
  {
    "url": "https://img.favpng.com/8/14/11/chinese-new-year-holiday-png-favpng-PkpbGrDVPgFifgPcMbx2wKd5W_t.jpg",
    "NSFW": "UNLIKELY",
    "caption": "Chinese New Year Decoration - Chinese New Year Holiday PNG",
    "id": 8861057,
    "similarity": "0.3050365746021271"
  },
  {
    "url": "http://rlv.zcache.com/chinese_name_for_mamie_20222_1_pdf_post_card-r92fcf6b192b14209b8bef3c1e8846643_vgbaq_8byvr_324.jpg",
    "NSFW": "UNLIKELY",
    "caption": "Chinese name for Mamie 20222_1.pdf Post Card",
    "id": 277731668,
    "similarity": "0.30502060055732727"
  },
  {
    "url": "https://cdn.shopify.com/s/files/1/0082/1582/2400/products/M-Sigg-Collection_tc_ed50ff0b-5e63-44a3-9870-b6eecc58ed1f_300x.jpg?v=1560234763",
    "NSFW": "UNLIKELY",
    "caption": "Cover of M+ Sigg Collection: Four Decades of Chinese Contemporary Art in Chinese Version",
    "id": 160876558,
    "similarity": "0.30499228835105896"
  },
  {
    "url": "http://rlv.zcache.com.au/chinese_name_for_nigel_20749_2_pdf_coaster-rc824f04fae6542b7b3bf8974f1b05dd5_x7jy0_8byvr_324.jpg",
    "NSFW": "UNLIKELY",
    "caption": "Chinese name for Nigel 20749_2.pdf Beverage Coaster",
    "id": 76249247,
    "similarity": "0.304917573928833"
  },
  {
    "url": "https://turboavia.com/exflds/logo/d936a041-e8ed-4083-8e1a-591823adb936.jpg",
    "NSFW": "UNLIKELY",
    "caption": "LANXI YONGXIN WEAVE CO.,LTD.",
    "id": 198236578,
    "similarity": "0.3047550320625305"
  },
  {
    "url": "https://res.dianjinwa.com/image/d/file/p/20190920/ee1bfc37475498ecfffb2b9bd7fe5ae6.jpg",
    "NSFW": "UNLIKELY",
    "caption": "The Legendary Tavern (Chinese New Series) EP 46 Ending - Chen Baoguo, Qin Hailu.",
    "id": 96031301,
    "similarity": "0.3046083450317383"
  },
  {
    "url": "http://rlv.zcache.co.uk/chinese_name_for_enid_20111_4_pdf_stickers-rce9a563a2a7f4ec5ba845cdcf9360e0d_v9waf_8byvr_324.jpg",
    "NSFW": "UNLIKELY",
    "caption": "Chinese name for Enid 20111_4.pdf Stickers",
    "id": 276210019,
    "similarity": "0.30460479855537415"
  },
  {
    "url": "https://img.favpng.com/16/11/20/chinese-new-year-happiness-chinese-zodiac-png-favpng-LApPM4KgUdXV17NNXP5Hz7ZK3_t.jpg",
    "NSFW": "UNLIKELY",
    "caption": "Happy New Year - Chinese New Year Happiness Chinese Zodiac PNG",
    "id": 126543645,
    "similarity": "0.3045317828655243"
  },
  {
    "url": "http://rlv.zcache.com/chinese_symbol_for_copperhead_sticker-ra96aa3f3139144b7b2f256aeaeb0b153_v9waf_8byvr_324.jpg",
    "NSFW": "UNLIKELY",
    "caption": "Chinese Symbol for copperhead Sticker",
    "id": 333799669,
    "similarity": "0.30444371700286865"
  },
  {
    "url": "http://rlv.zcache.co.uk/chinese_name_for_wright_20877_3_pdf_round_sticker-r644eeb0abe1449378cb504fab7791478_v9waf_8byvr_324.jpg",
    "NSFW": "UNLIKELY",
    "caption": "Chinese name for Wright 20877_3.pdf Round Sticker",
    "id": 170896817,
    "similarity": "0.304408460855484"
  },
  {
    "url": "https://cdn.shopify.com/s/files/1/0031/5991/6590/products/product-image-1445129025_150x150.jpg?v=1592222828",
    "NSFW": "UNLIKELY",
    "caption": "Filial piety elderly Mahogany round wooden wood civilization elderly walking stick civilization cane",
    "id": 112481168,
    "similarity": "0.3043901026248932"
  },
  {
    "url": "https://www.rasta-products.com/wp-content/uploads/sites/rasta-products.com/files/sites_rasta-products.com_files_tee-shirt-mao-tse-toung-white-logo-600x450.jpg",
    "NSFW": "UNLIKELY",
    "caption": "Mao Zedong White Tee-Shirt",
    "id": 176653809,
    "similarity": "0.3043430745601654"
  },
  {
    "url": "http://rlv.zcache.com/chinese_symbol_for_copperhead_sticker-re51ec6f4ab4e4ef3885745bdc7c1b592_v9waf_8byvr_324.jpg",
    "NSFW": "UNLIKELY",
    "caption": "Chinese Symbol for copperhead Sticker",
    "id": 77368518,
    "similarity": "0.304317831993103"
  },
  {
    "url": "http://rlv.zcache.com/chinese_name_for_jett_22330_3_pdf_post_cards-r1601048512c64a8da31c4a782c1df0ab_vgbaq_8byvr_512.jpg",
    "NSFW": "UNLIKELY",
    "caption": "Chinese name for Jett 22330_3.pdf Post Cards",
    "id": 201140854,
    "similarity": "0.30431756377220154"
  },
  {
    "url": "https://pic.chinesefontdesign.com/uploads/2020/04/chinesefontdesign.com-2020-04-01-14-43-20-50.jpg",
    "NSFW": "UNLIKELY",
    "caption": "Chinese Creative Font Design-Handwritten Font Design Collection for March",
    "id": 97543884,
    "similarity": "0.30427244305610657"
  },
  {
    "url": "https://us.123rf.com/450wm/bluezace/bluezace1303/bluezace130300042/18758886-chinese-zodiac-animal--tiger.jpg?ver=6",
    "NSFW": "UNLIKELY",
    "caption": "eastern zodiac: Chinese Zodiac Animal - Tiger Illustration",
    "id": 101742119,
    "similarity": "0.30422013998031616"
  },
  {
    "url": "https://pic.chinesefontdesign.com/uploads/2020/04/chinesefontdesign.com-2020-04-01-14-43-43-3.jpg",
    "NSFW": "UNLIKELY",
    "caption": "Chinese Creative Font Design-Handwritten Font Design Collection for March",
    "id": 322980068,
    "similarity": "0.30406680703163147"
  },
  {
    "url": "https://www.familybook.com.hk/wp-content/uploads/2017/08/cover-%E5%B0%8F%E7%B1%A0%E5%8C%85%E6%97%A5%E8%A8%98%E4%B8%80-1-575x510.jpg",
    "NSFW": "UNLIKELY",
    "caption": "小籠包日記  系列一 The Diary of Xiaolongbao I",
    "id": 388376933,
    "similarity": "0.3040248155593872"
  },
  {
    "url": "http://rlv.zcache.com/chinese_symbol_for_cockroach_stickers-r68a2b02d577744ddae5872fc10b718bb_v9waf_8byvr_512.jpg",
    "NSFW": "UNLIKELY",
    "caption": "Chinese Symbol for cockroach Stickers",
    "id": 261018018,
    "similarity": "0.3040172755718231"
  },
  {
    "url": "https://chinese.ava360.com/uploads/thumbs/d58e4100e-1.jpg",
    "NSFW": "UNLIKELY",
    "caption": "陳昇 Bobby Chen【歸鄉】Official Music Video",
    "id": 271859899,
    "similarity": "0.30401119589805603"
  },
  {
    "url": "http://rlv.zcache.com.au/chinese_word_for_casual_10143_1_pdf_round_sticker-rb72974b61f0548f1a6e204f19e024e04_v9waf_8byvr_324.jpg",
    "NSFW": "UNLIKELY",
    "caption": "Chinese word for Casual 10143_1.pdf Round Sticker",
    "id": 65755848,
    "similarity": "0.3039841055870056"
  },
  {
    "url": "https://video-wvbs-org-6g5ddzplb.netdna-ssl.com/wvbs-structure/uploads/zh-hant-topical-Sabbath-300x169.jpg",
    "NSFW": "UNLIKELY",
    "caption": "基督徒與安息日和摩西十誡 (The Christian, Sabbath Day and Ten Commandments) (Chinese - Traditional)",
    "id": 176947137,
    "similarity": "0.30397510528564453"
  },
  {
    "url": "https://www.tixbar.com/wp-content/uploads/2019/05/angela-hui-concert2019-01.jpg",
    "NSFW": "UNSURE",
    "caption": "[購票]許靖韻演唱會2019 Angela Hui Live in Taipei-台北後台 BackStage Cafe KKTIX",
    "id": 370373973,
    "similarity": "0.3039506673812866"
  },
  {
    "url": "http://chinesemov.com/tv/images/2015/Paranormal-Mind-2015-1.jpg",
    "NSFW": "UNLIKELY",
    "caption": "Paranormal Mind Poster, 2015 Hong Kong Drama Series",
    "id": 394633974,
    "similarity": "0.30385252833366394"
  },
  {
    "url": "http://www.flagchart.net/images/c/cn_foto-plamd.jpg",
    "NSFW": "UNLIKELY",
    "caption": "Peoples Liberation Army Medical Detachment",
    "id": 150664936,
    "similarity": "0.3038395345211029"
  },
  {
    "url": "https://cdn01.pinkoi.com/store/iryfang-metalsmith/logo/2/150x150.jpg",
    "NSFW": "UNLIKELY",
    "caption": "IFJO_ Iry Fang Jewelry & Object",
    "id": 108160951,
    "similarity": "0.3037480413913727"
  },
  {
    "url": "http://rlv.zcache.co.uk/chinese_symbol_for_perseverance_bumper_stickers-r201a479be0ef4b10932cf62158dd2f02_v9wht_8byvr_324.jpg",
    "NSFW": "UNLIKELY",
    "caption": "Chinese Symbol for perseverance Bumper Stickers",
    "id": 98440841,
    "similarity": "0.3037477433681488"
  },
  {
    "url": "https://uvision.hku.hk/getthumb.php?path=pthumb/21629_20180209_r567_Twotypesoftruth_2uvision.png",
    "NSFW": "UNLIKELY",
    "caption": "兩種真理 Two Kinds of Truth",
    "id": 196494945,
    "similarity": "0.3037289083003998"
  },
  {
    "url": "http://rlv.zcache.co.uk/chinese_symbol_for_baby_bumper_stickers-r8324045dcd314fd78a8da91e94b4fb41_v9wht_8byvr_324.jpg",
    "NSFW": "UNLIKELY",
    "caption": "Chinese Symbol for baby Bumper Stickers",
    "id": 242740647,
    "similarity": "0.30363133549690247"
  },
  {
    "url": "http://rlv.zcache.com.au/chinese_word_for_casual_10143_2_pdf_stickers-r72e4ff259083464eac181abf53162d8d_v9waf_8byvr_324.jpg",
    "NSFW": "UNLIKELY",
    "caption": "Chinese word for Casual 10143_2.pdf Stickers",
    "id": 203866156,
    "similarity": "0.3035385012626648"
  },
  {
    "url": "http://rlv.zcache.com/chinese_name_for_emanuel_22260_2_pdf_greeting_card-r7f0747b01e644941b4f7c20a69b65727_xvuak_8byvr_324.jpg",
    "NSFW": "UNLIKELY",
    "caption": "Chinese name for Emanuel 22260_2.pdf Greeting Card",
    "id": 255333162,
    "similarity": "0.30349382758140564"
  },
  {
    "url": "https://cdn.shopify.com/s/files/1/0668/3101/products/Adventure_Kanji_Vinyl_Sticker_Decal_JDM_Drift_Race_1024x1024_90a81f63-d924-4e60-ade1-a84de1aa4ff5_1024x1024.JPG?v=1571270616",
    "NSFW": "UNLIKELY",
    "caption": "Adventure Kanji JDM Racing | Die Cut Vinyl Sticker Decal | Sticky Addiction",
    "id": 77930748,
    "similarity": "0.30336928367614746"
  },
  {
    "url": "http://images.slideplayer.com/12/3563709/slides/slide_3.jpg",
    "NSFW": "UNLIKELY",
    "caption": "Ding Yi Music Company was set up in 2007 with the aim of being an internationally recognised Chinese chamber ensemble.",
    "id": 119214851,
    "similarity": "0.30336305499076843"
  },
  {
    "url": "http://rlv.zcache.com/chinese_name_for_julianna_21178_1_pdf_print-r232056b6e5bd4f57a46aa0df470bd87d_a5fg_8byvr_324.jpg",
    "NSFW": "UNLIKELY",
    "caption": "Chinese name for Julianna 21178_1.pdf Print",
    "id": 396873128,
    "similarity": "0.303314208984375"
  },
  {
    "url": "http://rlv.zcache.com/chinese_symbol_for_cockroach_round_stickers-r99f11cb0b7c444f3bdefd122226f2381_v9waf_8byvr_512.jpg",
    "NSFW": "UNLIKELY",
    "caption": "Chinese Symbol for cockroach Round Stickers",
    "id": 378871793,
    "similarity": "0.30329251289367676"
  },
  {
    "url": "http://rlv.zcache.co.uk/chinese_name_for_seth_22184_2_pdf_postcards-r8a8901d490404002ac8f17411533d177_vgbaq_8byvr_324.jpg",
    "NSFW": "UNLIKELY",
    "caption": "Chinese name for Seth 22184_2.pdf Postcards",
    "id": 162282855,
    "similarity": "0.3032812476158142"
  },
  {
    "url": "https://www.nickstember.com/wp-content/uploads/2017/02/2013121111361507-1024x682.jpg",
    "NSFW": "UNLIKELY",
    "caption": "\"\"\"Portrait of the Late Wang Jingwei\"\" 汪精衛遺像 Ye Qianyu 葉淺予 (early 1940s)\"",
    "id": 204538700,
    "similarity": "0.3032062351703644"
  },
  {
    "url": "http://rlv.zcache.com.au/chinese_name_for_march_60007_1_pdf_vinyl_magnet-r58a6307950a54ac190408c71cfbdb91e_adgu2_8byvr_324.jpg",
    "NSFW": "UNLIKELY",
    "caption": "Chinese name for March 60007_1.pdf Vinyl Magnet",
    "id": 126565612,
    "similarity": "0.30318695306777954"
  },
  {
    "url": "http://rlv.zcache.com.au/chinese_word_for_ignorant_10045_0_pdf_coaster-r9af9c6aec44e4b3aaa842d4b3d603a36_x7jy0_8byvr_324.jpg",
    "NSFW": "UNLIKELY",
    "caption": "Chinese word for Ignorant 10045_0.pdf Coaster",
    "id": 162407401,
    "similarity": "0.30318060517311096"
  }
]