[
  {
    "url": "http://lh6.ggpht.com/-xgNAh0e51Zw/Uw5aHE2rEkI/AAAAAAAAKTI/UY7ZbmEj6Fw/mangajin_urusei_yatsura.jpg?imgmax=640",
    "NSFW": "UNLIKELY",
    "caption": "A panel from the manga series Urusei Yatsuri, in issue 16 of Mangajin",
    "id": 292606529,
    "similarity": "0.313909649848938"
  },
  {
    "url": "https://www.theartshouse.sg/assets/Events/2020-wfh-workshops/wfh-jul-an-epidemic-dictionary-banner2.jpg",
    "NSFW": "UNLIKELY",
    "caption": "瘟疫词典: 接力一首实在的虚拟情诗 An Epidemic Dictionary: Relaying A Truly Virtual Love Poem",
    "id": 32278572,
    "similarity": "0.3104686737060547"
  },
  {
    "url": "http://rlv.zcache.com/chinese_symbol_for_cockroach_stickers-r68a2b02d577744ddae5872fc10b718bb_v9waf_8byvr_512.jpg",
    "NSFW": "UNLIKELY",
    "caption": "Chinese Symbol for cockroach Stickers",
    "id": 303360873,
    "similarity": "0.30425381660461426"
  },
  {
    "url": "https://zilingyuying.files.wordpress.com/2014/06/writing0003.jpg",
    "NSFW": "UNLIKELY",
    "caption": "Preparing for Chinese Writing/Composition – lower primary ...",
    "id": 13938326,
    "similarity": "0.30374810099601746"
  },
  {
    "url": "https://soranews24.com/wp-content/uploads/sites/3/2016/02/1913970_10156299775055562_4985205060825260084_n.jpg?w=640",
    "NSFW": "UNLIKELY",
    "caption": "Have you seen this mushroom? In search of a beloved travel companion named Nameko",
    "id": 138594019,
    "similarity": "0.3034706115722656"
  },
  {
    "url": "https://i.ytimg.com/vi/QoONiDrBVFE/hqdefault.jpg",
    "NSFW": "UNLIKELY",
    "caption": "nothing's gonna change my love for you 結他譜 CHORD譜 結他教學",
    "id": 252541319,
    "similarity": "0.30306416749954224"
  },
  {
    "url": "http://www.foreignercn.com/images/stories/20090817single.jpg",
    "NSFW": "UNLIKELY",
    "caption": "Chinese Proverbs",
    "id": 389326210,
    "similarity": "0.3030185401439667"
  },
  {
    "url": "http://rlv.zcache.com/chinese_symbol_for_cockroach_round_stickers-r99f11cb0b7c444f3bdefd122226f2381_v9waf_8byvr_512.jpg",
    "NSFW": "UNLIKELY",
    "caption": "Chinese Symbol for cockroach Round Stickers",
    "id": 188282241,
    "similarity": "0.30139002203941345"
  },
  {
    "url": "http://i01.i.aliimg.com/wsphoto/v0/653412897/Led_coconut_tree_lamp_tree_light_led_tree_light_tree_light_christmas_lighting_tree_light_decoration_lamp_lantern.jpg_200x200.jpg",
    "NSFW": "UNLIKELY",
    "caption": "Led coconut tree lamp tree light led tree light tree light christmas lighting tree light decoration lamp lantern",
    "id": 168082745,
    "similarity": "0.30097901821136475"
  },
  {
    "url": "https://s.yimg.com/ut/api/res/1.2/rt9wVmY4WCeuQ.9oMckBhQ--~B/dz02MDA7aD02MDA7cT0xMDA7Zmk9Zml0O3NzPTEuMDthcHBpZD15dHdtYWxs/https://s.yimg.com/fy/81fa/item/p0161211579280-item-85a7xf4x0280x0210-m.jpg",
    "NSFW": "UNLIKELY",
    "caption": "二手書博民逛書店GREAT罕見IDEAS OF MAN 偉大的人類思想 (16開",
    "id": 264785689,
    "similarity": "0.30069923400878906"
  },
  {
    "url": "http://rlv.zcache.com.au/chinese_word_for_gods_plan_10251_2_pdf_coaster-r5470d8c27d8a46bbb3dfb1c245e9aa6f_x7jy0_8byvr_324.jpg",
    "NSFW": "UNLIKELY",
    "caption": "Chinese word for God's Plan 10251_2.pdf Drink Coaster",
    "id": 286509592,
    "similarity": "0.3005087673664093"
  },
  {
    "url": "https://ae01.alicdn.com/kf/HTB1U62IKVXXXXX6aXXXq6xXFXXXJ/Metal-Puzzle-3D-Stereoscopic-Famous-Architectural-Models-font-b-Yellow-b-font-font-b-Crane-b.jpg",
    "NSFW": "UNLIKELY",
    "caption": "online get cheap yellow crane tower",
    "id": 172915234,
    "similarity": "0.30037328600883484"
  },
  {
    "url": "http://rlv.zcache.co.uk/chinese_symbol_for_baby_bumper_stickers-r8324045dcd314fd78a8da91e94b4fb41_v9wht_8byvr_324.jpg",
    "NSFW": "UNLIKELY",
    "caption": "Chinese Symbol for baby Bumper Stickers",
    "id": 131206964,
    "similarity": "0.3000934422016144"
  },
  {
    "url": "http://slideplayer.com/slide/4270813/14/images/45/A+:+I(%E4%B8%BB%E8%A9%9E)++%E9%A0%BB%E7%8E%87%E5%89%AF%E8%A9%9E++%E4%B8%80%E8%88%AC%E5%8B%95%E8%A9%9E.+I+always+walk+the+dog..jpg",
    "NSFW": "UNLIKELY",
    "caption": "A : I(主詞) +頻率副詞 +一般動詞. I always walk the dog.",
    "id": 227133495,
    "similarity": "0.299894779920578"
  },
  {
    "url": "http://alternopolis.com/wp-content/uploads/2014/01/Chineasy_alternopolis-13.png",
    "NSFW": "UNLIKELY",
    "caption": "Chineasy_alternopolis (13)",
    "id": 280459664,
    "similarity": "0.299784779548645"
  },
  {
    "url": "http://images.slidesplayer.com/40/11046666/slides/slide_14.jpg",
    "NSFW": "UNLIKELY",
    "caption": "ERP 市场国外主要软件商 厂商 主要产品 SAP R/3 Oracle Oracle Applications Frentstep Syteline Scala Intentia Movex Baan QAD J . D . Edwards JDE Peoplesoft",
    "id": 334691026,
    "similarity": "0.2997588813304901"
  },
  {
    "url": "https://g-search1.alicdn.com/img/bao/uploaded/i4/i3/2243766479/O1CN01N9MO5V1xjQiJtwMdw_!!0-item_pic.jpg_210x210.jpg",
    "NSFW": "UNLIKELY",
    "caption": "Open natural citrine ball ornament raw stone yellow home feng shui ball resolve the northwest corner of the kitchen fire Tianmen",
    "id": 98440841,
    "similarity": "0.2990918755531311"
  },
  {
    "url": "http://image1.slideserve.com/2206508/what-is-china-s-relationship-with-taiwan-n.jpg",
    "NSFW": "UNLIKELY",
    "caption": "What is China's relationship with Taiwan?",
    "id": 267577049,
    "similarity": "0.29844996333122253"
  },
  {
    "url": "https://pic.chinesefontdesign.com/uploads/2018/03/chinesefontdesign.com-2018-03-15_14-10-58_214001.jpg",
    "NSFW": "UNLIKELY",
    "caption": "13P Chinese font design on Chinese tea theme",
    "id": 217991260,
    "similarity": "0.29813849925994873"
  },
  {
    "url": "https://i3.cpcache.com/product/1229217023/Israel_in_Japanese_Kanji_name_Sticker_Oval_300x300.jpg?height=300&amp;width=300&amp;qv=90&amp;side=front&amp;Filters=[%7B&quot;name&quot;:&quot;background&quot;,&quot;value&quot;:&quot;ddddde&quot;,&quot;sequence&quot;:2%7D]",
    "NSFW": "UNLIKELY",
    "caption": "Israel in Japanese Kanji name Sticker (Oval)",
    "id": 267364931,
    "similarity": "0.29781869053840637"
  },
  {
    "url": "https://christopherbrowndev.files.wordpress.com/2020/06/sleeptweet.png?w=597",
    "NSFW": "UNLIKELY",
    "caption": "\"Tweet with text, \"\"Learned a very relatable term today: \"\"報復性熬夜\"\" (revenge bedtime procrastination), a phenomenon in which people who don't have much control over their daytime life refuse to sleep early in order to regain some sense of freedom during late night hours.\"\"\"",
    "id": 113662548,
    "similarity": "0.29771900177001953"
  },
  {
    "url": "http://img.youtube.com/vi/kerwQQtMMAc/mqdefault.jpg",
    "NSFW": "UNLIKELY",
    "caption": "Dates in Chinese",
    "id": 372887633,
    "similarity": "0.29762589931488037"
  },
  {
    "url": "http://www.filetransit.com/images/screen/7f30c41272f49cbef84c021581821698_Chinese_Character_for_Kids_5.jpeg",
    "NSFW": "UNLIKELY",
    "caption": "Chinese Character for Kids 5",
    "id": 280208363,
    "similarity": "0.2975519299507141"
  },
  {
    "url": "https://uvision.hku.hk/getthumb.php?path=pthumb/21629_20180209_r567_Twotypesoftruth_2uvision.png",
    "NSFW": "UNLIKELY",
    "caption": "兩種真理 Two Kinds of Truth",
    "id": 212812073,
    "similarity": "0.29732704162597656"
  },
  {
    "url": "http://rlv.zcache.com/chinese_name_for_ulysses_20847_4_pdf_dinner_plate-r0d1b97527a704c6db5e5803ac8f772d4_ambb0_8byvr_324.jpg",
    "NSFW": "UNLIKELY",
    "caption": "Chinese name for Ulysses 20847_4.pdf Dinner Plate",
    "id": 210339145,
    "similarity": "0.29717516899108887"
  },
  {
    "url": "http://rlv.zcache.com/chinese_name_for_lena_20203_2_pdf_post_cards-rf135c853ac744c70ad4b508ca2ba36e3_vgbaq_8byvr_324.jpg",
    "NSFW": "UNLIKELY",
    "caption": "Chinese name for Lena 20203_2.pdf Post Cards",
    "id": 383094419,
    "similarity": "0.29691722989082336"
  },
  {
    "url": "http://bulats.hamburg001.com/wp-content/uploads/2018/06/step_bulats_coutermeasure_speaking.jpg",
    "NSFW": "UNLIKELY",
    "caption": "STEP BULATS Speaking試験対策",
    "id": 57680932,
    "similarity": "0.29687991738319397"
  },
  {
    "url": "https://img.alicdn.com/tfscom/i1/2030187717/TB2nqHNBf5TBuNjSspcXXbnGFXa_!!2030187717.jpg_160x160q90.jpg",
    "NSFW": "UNLIKELY",
    "caption": "Touching Stone Crossing River Bricks Fun Games Games Props Color Bricks Touching Stones Crossing River Outdoor Development Training Equipment",
    "id": 222209695,
    "similarity": "0.2968243956565857"
  },
  {
    "url": "https://aff.bstatic.com/images/hotel/max300/811/81170950.jpg",
    "NSFW": "UNSURE",
    "caption": "Easy Life Hot Spring Inn",
    "id": 43736230,
    "similarity": "0.29677584767341614"
  },
  {
    "url": "https://s.yimg.com/ut/api/res/1.2/C6jvS2HLPMkCtdsdYUAUGA--~B/dz02MDA7aD02MDA7cT0xMDA7Zmk9Zml0O3NzPTEuMDthcHBpZD15dHdtYWxs/https://s.yimg.com/fy/92bd/item/p0161219930263-item-d907xf4x0280x0210-m.jpg",
    "NSFW": "UNLIKELY",
    "caption": "二手書博民逛書店Prints罕見And Drawings Of Kathe KollwitzY256260 Kathe Kol",
    "id": 404175031,
    "similarity": "0.29670724272727966"
  },
  {
    "url": "http://rlv.zcache.com/chinese_name_for_lena_20203_3_pdf_postcards-r494c8615e0f74362bc37da7fbeba1c3c_vgbaq_8byvr_324.jpg",
    "NSFW": "UNLIKELY",
    "caption": "Chinese name for Lena 20203_3.pdf Postcards",
    "id": 133082624,
    "similarity": "0.29663538932800293"
  },
  {
    "url": "https://estatic.languagecourse.net/images/schools/general_new/tochigi-international-education-institute-utsunomiya_15633587871707.jpg",
    "NSFW": "UNSURE",
    "caption": "Tochigi International Education Institute, อุตสึโนะมิยะ",
    "id": 77401074,
    "similarity": "0.29645854234695435"
  },
  {
    "url": "http://slidesplayer.net/slide/11454522/61/images/1/Electromyographic+activity+from+human+laryngeal+%2C+pharyngeal+%2C+and+submental+muscles+during+swallowing.jpg",
    "NSFW": "UNSURE",
    "caption": "Electromyographic activity from human laryngeal , pharyngeal , and submental muscles during swallowing",
    "id": 370861148,
    "similarity": "0.29631826281547546"
  },
  {
    "url": "http://rlv.zcache.com/chinese_symbol_for_copperhead_sticker-re51ec6f4ab4e4ef3885745bdc7c1b592_v9waf_8byvr_324.jpg",
    "NSFW": "UNLIKELY",
    "caption": "Chinese Symbol for copperhead Sticker",
    "id": 372234238,
    "similarity": "0.2961825728416443"
  },
  {
    "url": "http://i2.wp.com/www.chinasmack.com/wp-content/uploads/2010/10/chinese-student-sleeping-positions-09-double.jpg?resize=428%2C500",
    "NSFW": "UNLIKELY",
    "caption": "Chinese student sleeping positions: Double",
    "id": 208273899,
    "similarity": "0.2959901988506317"
  },
  {
    "url": "http://rlv.zcache.com/chinese_symbol_for_copperhead_round_sticker-rc2e02fc2fc7a4701b8bdd95176c0d11d_v9waf_8byvr_324.jpg",
    "NSFW": "UNLIKELY",
    "caption": "Chinese Symbol for copperhead Round Sticker",
    "id": 56588363,
    "similarity": "0.2958872318267822"
  },
  {
    "url": "https://mark.trademarkia.com/logo-images/feng/china-diaoyutai-87091672.jpg",
    "NSFW": "UNLIKELY",
    "caption": "CHINA DIAOYUTAI",
    "id": 337931138,
    "similarity": "0.29571160674095154"
  },
  {
    "url": "https://sph.washington.edu/images/closeup/meischke_cartoon.jpg",
    "NSFW": "UNSURE",
    "caption": "Chinese language emergency graphic novel",
    "id": 253452653,
    "similarity": "0.2955707907676697"
  },
  {
    "url": "https://s.yimg.com/ut/api/res/1.2/ZILYz94FM2g313J_jNXLaQ--~B/dz02MDA7aD02MDA7cT0xMDA7Zmk9Zml0O3NzPTEuMDthcHBpZD15dHdtYWxs/https://s.yimg.com/fy/91b5/item/p0994224642505-item-e669xf4x0280x0210-m.jpg",
    "NSFW": "UNLIKELY",
    "caption": "二手書博民逛書店American罕見Record Guide Vol. 51, No.4, June August 1988. E",
    "id": 76249247,
    "similarity": "0.29555609822273254"
  },
  {
    "url": "http://i2.wp.com/www.chinasmack.com/wp-content/uploads/2010/10/chinese-student-sleeping-positions-02-classic.jpg?resize=428%2C500",
    "NSFW": "UNLIKELY",
    "caption": "Chinese student sleeping positions: Classic.",
    "id": 404695316,
    "similarity": "0.2955222725868225"
  },
  {
    "url": "https://s.yimg.com/ut/api/res/1.2/KJpmiBbmdNNWFjnXSfht_A--~B/dz02MDA7aD02MDA7cT0xMDA7Zmk9Zml0O3NzPTEuMDthcHBpZD15dHdtYWxs/https://s.yimg.com/fy/76f9/item/p0161215433035-item-2b92xf4x0280x0210-m.jpg",
    "NSFW": "UNLIKELY",
    "caption": "二手書博民逛書店the罕見man who found out whyY26220",
    "id": 68174362,
    "similarity": "0.29550570249557495"
  },
  {
    "url": "https://lh4.ggpht.com/Zo6idbTAnQMSxSoDt8tSVjY-LYHCeyQecsfQY3KFUEv4tkEZo2s6PDXYOemSefy9vI4",
    "NSFW": "UNLIKELY",
    "caption": "Manga Comic Cartoon-4コマ漫画",
    "id": 234860983,
    "similarity": "0.2955024838447571"
  },
  {
    "url": "http://rlv.zcache.com/chinese_zodiac_pig_bumper_sticker-rfc9090ad06644c748d8df851a2181988_v9wht_8byvr_512.jpg",
    "NSFW": "UNLIKELY",
    "caption": "Chinese Zodiac - Pig Bumper Sticker",
    "id": 376308022,
    "similarity": "0.29544344544410706"
  },
  {
    "url": "https://turboavia.com/exflds/logo/d936a041-e8ed-4083-8e1a-591823adb936.jpg",
    "NSFW": "UNLIKELY",
    "caption": "LANXI YONGXIN WEAVE CO.,LTD.",
    "id": 301627844,
    "similarity": "0.29536253213882446"
  },
  {
    "url": "https://soranews24.com/wp-content/uploads/sites/3/2017/11/poster-top.png?w=580",
    "NSFW": "UNLIKELY",
    "caption": "Japanese company tries to create motivational poster, accidentally creates demotivational poster",
    "id": 125427822,
    "similarity": "0.29532739520072937"
  },
  {
    "url": "https://learnjapanesedaily.com/wp-content/uploads/Have-you-got-a-boy-friend.jpg",
    "NSFW": "UNLIKELY",
    "caption": "Have you got a boy friend – Funny doraemon jokes",
    "id": 22107616,
    "similarity": "0.29525527358055115"
  },
  {
    "url": "http://rlv.zcache.com/chinese_name_for_emanuel_22260_2_pdf_greeting_card-r7f0747b01e644941b4f7c20a69b65727_xvuak_8byvr_324.jpg",
    "NSFW": "UNLIKELY",
    "caption": "Chinese name for Emanuel 22260_2.pdf Greeting Card",
    "id": 306792118,
    "similarity": "0.2952170968055725"
  },
  {
    "url": "http://images.slideplayer.com/9/2519500/slides/slide_40.jpg",
    "NSFW": "UNLIKELY",
    "caption": "Talk about preferences and give reasons: 谈论喜好并给出原因: A: What's your favorite subject.",
    "id": 246836583,
    "similarity": "0.2951364517211914"
  },
  {
    "url": "http://slideplayer.com/slide/3568619/12/images/38/%E4%B8%AD%E8%80%83%E9%93%BE%E6%8E%A5+1.+%E2%80%94+What%E2%80%99s+wrong+with+you+today+%E2%80%94+I+am+quite+upset..jpg",
    "NSFW": "UNLIKELY",
    "caption": "中考链接 1. — What's wrong with you today — I am quite upset.",
    "id": 223929055,
    "similarity": "0.2950148284435272"
  },
  {
    "url": "https://cdn01.pinkoi.com/store/howslife/logo/1/150x150.jpg",
    "NSFW": "UNLIKELY",
    "caption": "From Taiwan - howslife",
    "id": 336301911,
    "similarity": "0.29493826627731323"
  },
  {
    "url": "http://images.slideplayer.com/8/2367316/slides/slide_35.jpg",
    "NSFW": "UNLIKELY",
    "caption": "启动过程 9 $ns at 0.1 $ftp start $ns at 5.0 exit 0 $ns run Simulator instproc at args { $self instvar scheduler_ return [eval $scheduler_ at $args] } % $ns at 0.1 $ftp start 1 % % $ns at 10.0 exit 0 2 % 进入 scheduler.cc",
    "id": 164481524,
    "similarity": "0.29492443799972534"
  },
  {
    "url": "http://images.slideplayer.com/12/3563709/slides/slide_3.jpg",
    "NSFW": "UNLIKELY",
    "caption": "Ding Yi Music Company was set up in 2007 with the aim of being an internationally recognised Chinese chamber ensemble.",
    "id": 338693844,
    "similarity": "0.2949199676513672"
  },
  {
    "url": "https://cdn.browsercam.com/cn.museedu.chineseenglishdictionary-header.png",
    "NSFW": "UNLIKELY",
    "caption": "Chinese English Translator pc screenshot",
    "id": 253749031,
    "similarity": "0.29489055275917053"
  },
  {
    "url": "http://slideplayer.com/slide/4270813/14/images/35/%E7%B7%B4%E7%BF%92+%E4%B8%80%E4%B8%8B+Which+do+you+like%EF%BC%8C+or+%EF%BC%9F.jpg",
    "NSFW": "UNLIKELY",
    "caption": "練習 一下 Which do you like, or ?",
    "id": 310432230,
    "similarity": "0.29485437273979187"
  },
  {
    "url": "http://rlv.zcache.com.au/chinese_name_for_anna_20020_4_pdf_print-r4dc21b534bc14c5599f90fed584790eb_a5fg_8byvr_324.jpg",
    "NSFW": "UNLIKELY",
    "caption": "Chinese name for Anna 20020_4.pdf Print",
    "id": 347219130,
    "similarity": "0.29478535056114197"
  },
  {
    "url": "https://s.yimg.com/ut/api/res/1.2/Rmu8E5MJWK22qnM8OY4q6Q--~B/dz02MDA7aD02MDA7cT0xMDA7Zmk9Zml0O3NzPTEuMDthcHBpZD15dHdtYWxs/https://s.yimg.com/fy/edd3/item/p0161209351749-item-48c0xf4x0280x0210-m.jpg",
    "NSFW": "UNLIKELY",
    "caption": "二手書博民逛書店英文原版罕見East of Everest by Bob Lan",
    "id": 50983765,
    "similarity": "0.29476577043533325"
  },
  {
    "url": "http://xypictures.com/t//a7/ad/b7/ae/a7adb7ae42df77f84f9aa9ec100915fa.jpg",
    "NSFW": "UNLIKELY",
    "caption": "Comics, Comic, Boys, Japanese, Japanese cartoon, Boy cartoon",
    "id": 305367105,
    "similarity": "0.29473838210105896"
  },
  {
    "url": "https://i.chzbgr.com/full/9321077760/h3220DE3D/",
    "NSFW": "UNLIKELY",
    "caption": "Meme - Wood - Chinese history Chinese history according to the government",
    "id": 197323100,
    "similarity": "0.2946968972682953"
  },
  {
    "url": "http://rlv.zcache.com.au/chinese_word_for_ignorant_10045_0_pdf_coaster-r9af9c6aec44e4b3aaa842d4b3d603a36_x7jy0_8byvr_324.jpg",
    "NSFW": "UNLIKELY",
    "caption": "Chinese word for Ignorant 10045_0.pdf Coaster",
    "id": 388376933,
    "similarity": "0.2945626676082611"
  },
  {
    "url": "http://puui.qpic.cn/qqvideo_ori/0/s0186nhstdx_496_280/0",
    "NSFW": "UNLIKELY",
    "caption": "The third grade Chinese Vol.1 Assignment: Write a diary",
    "id": 357383936,
    "similarity": "0.2945467233657837"
  },
  {
    "url": "http://rlv.zcache.com/chinese_symbol_for_copperhead_sticker-ra96aa3f3139144b7b2f256aeaeb0b153_v9waf_8byvr_324.jpg",
    "NSFW": "UNLIKELY",
    "caption": "Chinese Symbol for copperhead Sticker",
    "id": 207392579,
    "similarity": "0.29453355073928833"
  },
  {
    "url": "http://www.dadas.com.tw/wp-content/uploads/2013/09/world+war+z-644x380.jpg",
    "NSFW": "UNLIKELY",
    "caption": "world+war+z",
    "id": 77318926,
    "similarity": "0.2944832742214203"
  },
  {
    "url": "http://slideplayer.com/slide/2508391/9/images/17/many+a++%E5%8D%95%E6%95%B0%E5%90%8D%E8%AF%8D%EF%BC%88%E8%B0%93%E8%AF%AD%E7%94%A8%E5%8D%95%E6%95%B0%EF%BC%89+a+great/good+deal+of.+a+great/large+amount+of++%E4%B8%8D%E5%8F%AF%E6%95%B0%E5%90%8D%E8%AF%8D.+quite+a+little.+a+lot+of+/lots+of..jpg",
    "NSFW": "UNLIKELY",
    "caption": "many a +单数名词(谓语用单数) a great/good deal of. a great/large amount of +不可数名词. quite a little. a lot of /lots of.",
    "id": 198236578,
    "similarity": "0.29437580704689026"
  },
  {
    "url": "http://slideplayer.com/slide/695282/2/images/9/in+depth+%E5%BD%BB%E5%BA%95%E5%9C%B0+in+regard+to+%E5%85%B3%E4%BA%8E+in+the+neighborhood+of+%E5%A4%A7%E7%BA%A6%E3%80%81%E9%82%BB%E8%BF%91+in+retrospect+%E5%9B%9E%E9%A1%BE%EF%BC%8C%E4%B8%80%E6%83%B3%E8%B5%B7+in+behalf+of+%E4%BB%A3%E8%A1%A8......%E5%88%A9%E7%9B%8A+in+the+least+%E4%B8%80%E7%82%B9%EF%BC%8C%E4%B8%9D%E6%AF%AB.jpg",
    "NSFW": "UNLIKELY",
    "caption": "in depth 彻底地 in regard to 关于 in the neighborhood of 大约、邻近 in retrospect 回顾,一想起 in behalf of 代表......利益 in the least 一点,丝毫",
    "id": 269847100,
    "similarity": "0.2943689823150635"
  },
  {
    "url": "http://i2.wp.com/www.chinasmack.com/wp-content/uploads/2010/10/chinese-student-sleeping-positions-06-ostrich.jpg?resize=428%2C500",
    "NSFW": "UNLIKELY",
    "caption": "Chinese student sleeping positions: Ostrich",
    "id": 378871793,
    "similarity": "0.29415228962898254"
  },
  {
    "url": "http://www.applenoir.com/wp-content/uploads/2010/06/apple_02_27.jpg",
    "NSFW": "UNLIKELY",
    "caption": "Awesome '80s Manga About Woz and Jobs",
    "id": 248879320,
    "similarity": "0.294099897146225"
  },
  {
    "url": "http://d10b75yp86lc36.cloudfront.net/Monotaro3/pi/full/mono02520551-1.jpg",
    "NSFW": "UNLIKELY",
    "caption": "Escape Guide Sign, Phosphorescent Type",
    "id": 352911409,
    "similarity": "0.29408860206604004"
  },
  {
    "url": "https://blog.tutorming.com/hs-fs/hubfs/Chinese%20grammar_to%20Be-1.png?width=1500&name=Chinese%20grammar_to%20Be-1.png",
    "NSFW": "UNLIKELY",
    "caption": "Chinese grammar_to Be-1",
    "id": 54981437,
    "similarity": "0.2940705716609955"
  },
  {
    "url": "http://pic.86sb.com/uploads/Brand_a/sb24034450_16.jpg",
    "NSFW": "UNLIKELY",
    "caption": "黑与白 BLACK AND WHITE",
    "id": 227754980,
    "similarity": "0.2940516173839569"
  },
  {
    "url": "https://lh5.ggpht.com/TwlOOEnHj-cWrzsWIScCtuQYrtfbFXbLXzI4R08NaCvdlKNLH9_3dDUnaqZEPayPUto=h900",
    "NSFW": "UNLIKELY",
    "caption": "QuanWei Chinese Dictionary - screenshot",
    "id": 381263482,
    "similarity": "0.29402515292167664"
  },
  {
    "url": "http://d10b75yp86lc36.cloudfront.net/Monotaro3/pi/full/mono02518214-100513-02.jpg",
    "NSFW": "UNLIKELY",
    "caption": "Person-In-Charge Name Sticker",
    "id": 164186150,
    "similarity": "0.29397618770599365"
  },
  {
    "url": "https://courrier.jp/media/2017/10/06005209/70e696480dde979837ea8175bc0d6d0e-e15064246849571.jpg",
    "NSFW": "UNLIKELY",
    "caption": "ILLUSTRATION: SMO FOR COURRIER JAPON",
    "id": 51316344,
    "similarity": "0.29376736283302307"
  },
  {
    "url": "https://i2.wp.com/openschoolbag.shopcadacdn.com/sites/files/openschoolbag/productimg/201904/chin_word_recognition_k2_9.jpg",
    "NSFW": "UNLIKELY",
    "caption": "K2 Chinese Word Recognition Worksheets",
    "id": 357620291,
    "similarity": "0.29363033175468445"
  },
  {
    "url": "https://i.pinimg.com/736x/a9/63/c4/a963c4dbeef7771c586fb6d0c9c0b4b6.jpg",
    "NSFW": "UNLIKELY",
    "caption": "UMEGANE WOODWORKS logo, branding, JAPAN on Behance",
    "id": 81027326,
    "similarity": "0.2936094105243683"
  },
  {
    "url": "https://2vvkl84czfcv3uc0ukz7sgl1-wpengine.netdna-ssl.com/wp-content/uploads/2018/09/Picture1.png",
    "NSFW": "UNLIKELY",
    "caption": "School Logo for Whales English",
    "id": 160510676,
    "similarity": "0.2935967445373535"
  },
  {
    "url": "https://courrier.jp/media/2017/10/06005209/70e696480dde979837ea8175bc0d6d0e-e15064246849571-300x170.jpg",
    "NSFW": "UNLIKELY",
    "caption": "ILLUSTRATION: SMO FOR COURRIER JAPON",
    "id": 93900999,
    "similarity": "0.293478786945343"
  },
  {
    "url": "http://rlv.zcache.com.au/chinese_name_for_nigel_20749_2_pdf_coaster-rc824f04fae6542b7b3bf8974f1b05dd5_x7jy0_8byvr_324.jpg",
    "NSFW": "UNLIKELY",
    "caption": "Chinese name for Nigel 20749_2.pdf Beverage Coaster",
    "id": 341459951,
    "similarity": "0.29342392086982727"
  },
  {
    "url": "https://dw3i9sxi97owk.cloudfront.net/uploads/hourliesAttachments/thumbs/400x303/2019/08/93064f5eebbdcea974bcd77bac89fa40.jpg",
    "NSFW": "UNLIKELY",
    "caption": "Translate Chinese to English (500 words)",
    "id": 274537698,
    "similarity": "0.29333043098449707"
  },
  {
    "url": "http://www.murali.today/wp-content/uploads/2019/01/Snip20190116_16.png",
    "NSFW": "NSFW",
    "caption": "Snip20190116 16 - Learn Chinese: HSK Level 1 Vocabulary ( 2/150 ) - 我们 (Wǒmen) - We",
    "id": 239437980,
    "similarity": "0.2932623028755188"
  },
  {
    "url": "https://cdn.shopify.com/s/files/1/2326/4921/products/image_aa607693-5fb8-4dd2-80ed-3e73f03f6a97_200x200.jpg?v=1508695329",
    "NSFW": "UNLIKELY",
    "caption": "Singapore Chinese Activity Book 5B",
    "id": 1964341,
    "similarity": "0.2930262088775635"
  },
  {
    "url": "https://cdn2.apstatic.com/photos/climb/109216731_medium_1494342022.jpg",
    "NSFW": "UNLIKELY",
    "caption": "Japanese topo. The finger marks the spot.",
    "id": 369090048,
    "similarity": "0.29300475120544434"
  },
  {
    "url": "https://i2.wp.com/mustsharenews.com/wp-content/uploads/2019/12/S%E2%80%99porean-Makes-Memes-About-Workers%E2%80%99-Party-Members%E2%80%99-Names-So-You%E2%80%99ll-Know-Them-Better-v2.jpg?resize=600%2C314&ssl=1",
    "NSFW": "NSFW",
    "caption": "S'porean Makes Memes About Workers' Party Members' Names So You'll Know Them Better",
    "id": 320550982,
    "similarity": "0.29299646615982056"
  },
  {
    "url": "https://s.yimg.com/ut/api/res/1.2/XgwsvrKYkxA3YvyA1iwovg--~B/dz02MDA7aD02MDA7cT0xMDA7Zmk9Zml0O3NzPTEuMDthcHBpZD15dHdtYWxs/https://s.yimg.com/fy/853a/item/p0161216244022-item-4cfcxf4x0280x0210-m.jpg",
    "NSFW": "UNLIKELY",
    "caption": "二手書博民逛書店SURGERY罕見GYNECOLOGY AND OBSTETRICS VOL 148 JAN-JUNE 1979",
    "id": 225252098,
    "similarity": "0.29299259185791016"
  },
  {
    "url": "http://pic.xoyo.com/bbs/forum/201703/05/015958fvv6x9jf964jf84h.png",
    "NSFW": "UNLIKELY",
    "caption": "Screenshot_2017-03-05-01-59-01-701_com.miui.notes.png",
    "id": 304545844,
    "similarity": "0.2929762005805969"
  },
  {
    "url": "http://pic.qingting.fm/2016/0826/20160826163551634.png",
    "NSFW": "UNLIKELY",
    "caption": "英语早餐English Breakfast",
    "id": 155927094,
    "similarity": "0.29269301891326904"
  },
  {
    "url": "https://i.stack.imgur.com/f636j.png",
    "NSFW": "UNLIKELY",
    "caption": "an excerpt from Xinhua Dictionary",
    "id": 143950770,
    "similarity": "0.2925077974796295"
  },
  {
    "url": "https://soranews24.com/wp-content/uploads/sites/3/2019/04/reiwa-1.png?w=640",
    "NSFW": "UNLIKELY",
    "caption": "Minds blown by wire art that shows transition to from old Japanese era to new【Video】",
    "id": 233036514,
    "similarity": "0.29236239194869995"
  },
  {
    "url": "https://lh5.ggpht.com/TwlOOEnHj-cWrzsWIScCtuQYrtfbFXbLXzI4R08NaCvdlKNLH9_3dDUnaqZEPayPUto=h310",
    "NSFW": "NSFW",
    "caption": "QuanWei Chinese Dictionary - screenshot thumbnail",
    "id": 377021207,
    "similarity": "0.2923005223274231"
  },
  {
    "url": "https://thumbs.slideserve.com/1_4176612.jpg",
    "NSFW": "UNLIKELY",
    "caption": "正則表示法 Regular Expression",
    "id": 255025067,
    "similarity": "0.29219475388526917"
  },
  {
    "url": "https://masterbundles.com/wp-content/uploads/edd/2020/07/9-1-1.jpg",
    "NSFW": "UNLIKELY",
    "caption": "Mischief -  Alphabet Brush Calligraphy Font + Extras - 9 1 1",
    "id": 161048789,
    "similarity": "0.29219314455986023"
  },
  {
    "url": "http://cdn.foodbeast.com.s3.amazonaws.com/content/wp-content/uploads/2012/12/jkhjghgf-300x174.jpg",
    "NSFW": "UNLIKELY",
    "caption": "Pepsi and Chicken flavored Lay&#039;s hit China.",
    "id": 68118491,
    "similarity": "0.29218652844429016"
  },
  {
    "url": "https://myjoyproject.com/wp-content/uploads/wordpress-popular-posts/645-featured-130x130.png",
    "NSFW": "NSFW",
    "caption": "Lemon tea eyecatch",
    "id": 201691561,
    "similarity": "0.2921218276023865"
  },
  {
    "url": "https://d3njjcbhbojbot.cloudfront.net/api/utilities/v1/imageproxy/https://s3.amazonaws.com/coursera-course-photos/6f/85612028f911e891fd434790085c41/____-2018-03-16-__4.57.44.png?auto=format%2Ccompress&amp;dpr=1&amp;w=150&amp;h=150&amp;fit=fill&amp;bg=FFF",
    "NSFW": "UNLIKELY",
    "caption": "賽局與產業競爭策略 (Game Theory and Business Strategy)",
    "id": 206900762,
    "similarity": "0.2921200692653656"
  },
  {
    "url": "https://www.tokyoreporter.com/wp-content/uploads/proxy-5.jpg",
    "NSFW": "UNLIKELY",
    "caption": "Aerial television footage aired on Tuesday shows a mountain in Gunma Prefecture where a mother and her boy went missing after they were last seen venturing into the mountain on Monday. (TBS News)",
    "id": 164054450,
    "similarity": "0.2921070456504822"
  },
  {
    "url": "https://media.karousell.com/media/photos/products/2018/06/22/170824_175854707_thumbnail.jpg",
    "NSFW": "UNLIKELY",
    "caption": "P3-P5 higher chinese Compo guide. picture, point to note, example, model compo P3 P4 P5",
    "id": 119211546,
    "similarity": "0.2920832335948944"
  },
  {
    "url": "https://learnjapanesedaily.com/wp-content/uploads/Funny-Doraemon-joke-Break-up-and-regret-1.jpg",
    "NSFW": "UNLIKELY",
    "caption": "Funny Doraemon joke Break up and regret",
    "id": 127020378,
    "similarity": "0.29204121232032776"
  },
  {
    "url": "http://rlv.zcache.co.uk/chinese_name_for_enid_20111_3_pdf_round_sticker-r46453ce4222e4b648929753ae567b683_v9waf_8byvr_324.jpg",
    "NSFW": "UNLIKELY",
    "caption": "Chinese name for Enid 20111_3.pdf Round Sticker",
    "id": 232750143,
    "similarity": "0.29202646017074585"
  },
  {
    "url": "https://ecdn.teacherspayteachers.com/thumbitem/Schedule-1885753/original-1885753-1.jpg",
    "NSFW": "UNLIKELY",
    "caption": "Chinese Classroom Poster - Daily Schedule Cards 课程表",
    "id": 363439247,
    "similarity": "0.29200875759124756"
  },
  {
    "url": "http://rlv.zcache.com/palabra_china_para_10143_3_pdf_casual_adorno_para_tartas-rbd36b987848641f2bc0d2b46c35ce96c_fupml_8byvr_324.jpg",
    "NSFW": "UNLIKELY",
    "caption": "Palabra china para 10143_3.pdf casual decoraciones de tartas",
    "id": 113301567,
    "similarity": "0.29197824001312256"
  },
  {
    "url": "http://3.bp.blogspot.com/-VK6H9Dspx_0/T6-OO9J2X_I/AAAAAAAAAUY/ggJnpj2cbN4/s320/seven-virtues.jpg",
    "NSFW": "UNLIKELY",
    "caption": "the seven virtues of the samurai written in kanji",
    "id": 183751589,
    "similarity": "0.29175353050231934"
  }
]