[
  {
    "url": "https://eyeondesign.aiga.org/wp-content/uploads/2021/02/Long-live-friendship-between-China-the-Soviet-Union.-USSR_China-c-1950.jpg",
    "NSFW": "UNLIKELY",
    "caption": "A Radical Examination of Homoeroticism in Communist Propaganda Posters",
    "id": 378181176,
    "similarity": "0.30532559752464294"
  },
  {
    "url": "https://www.adventurefaktory.com/wp-content/uploads/2018/11/AdventureFaktory-Shanghai-W-370x247.jpg",
    "NSFW": "UNLIKELY",
    "caption": "Where to stay in Shanghai",
    "id": 113705583,
    "similarity": "0.29904627799987793"
  },
  {
    "url": "https://gw2.alicdn.com/bao/uploaded/i2/TB1FUa5Jbj1gK0jSZFORrs7GpXa?_!!2200622965428-0-item_pic.jpg_210x210.jpg",
    "NSFW": "UNLIKELY",
    "caption": "Outdoor warm and cold tin paper blanket outdoor emergency insulation blanket outdoor field insulation blanket emergency sleeping bag anti-pack.",
    "id": 160182682,
    "similarity": "0.2978059649467468"
  },
  {
    "url": "https://kaohongshuhome.files.wordpress.com/2020/05/12.jpg?w=500",
    "NSFW": "UNLIKELY",
    "caption": "人生第一次 - ren sheng di yi ci - The Firsts in Life - episode 12",
    "id": 32307641,
    "similarity": "0.2954155504703522"
  },
  {
    "url": "https://www.prm-taiwan.com/UserFiles/company/96/logo.png",
    "NSFW": "UNLIKELY",
    "caption": "CHAO WEI PLASTIC MACHINERY CO., LTD.",
    "id": 330381649,
    "similarity": "0.2950558364391327"
  },
  {
    "url": "https://www.tixbar.com/wp-content/uploads/2018/11/orange-range-concert2019-01.jpg",
    "NSFW": "UNLIKELY",
    "caption": "[購票]橘子新樂園演唱會 2019 Orange Range Eleven Piece Concert-台北 Legacy Taipei KKTIX",
    "id": 335865690,
    "similarity": "0.29387950897216797"
  },
  {
    "url": "http://rlv.zcache.com/chinese_symbol_for_copperhead_round_sticker-rc2e02fc2fc7a4701b8bdd95176c0d11d_v9waf_8byvr_324.jpg",
    "NSFW": "UNLIKELY",
    "caption": "Chinese Symbol for copperhead Round Sticker",
    "id": 172915234,
    "similarity": "0.2934971749782562"
  },
  {
    "url": "https://upload.wikimedia.org/wikipedia/commons/thumb/e/e6/Republic_of_China_Flags.jpg/300px-Republic_of_China_Flags.jpg",
    "NSFW": "UNLIKELY",
    "caption": "Drawing of three men sitting on fish at the surface, each wearing a sailor suit and waving a flag",
    "id": 237099745,
    "similarity": "0.292876660823822"
  },
  {
    "url": "https://i.ytimg.com/vi/I8cxaCVRrHQ/hqdefault.jpg",
    "NSFW": "UNLIKELY",
    "caption": "Chinese Poet 杜甫  登高 Du Fu Deng Gao Poem W English Translation, Pinyin",
    "id": 182595877,
    "similarity": "0.29272913932800293"
  },
  {
    "url": "https://masterbundles.com/wp-content/uploads/edd/2020/07/9-1-1.jpg",
    "NSFW": "UNLIKELY",
    "caption": "Mischief -  Alphabet Brush Calligraphy Font + Extras - 9 1 1",
    "id": 168082745,
    "similarity": "0.2926563024520874"
  },
  {
    "url": "http://rlv.zcache.com/chinese_name_for_lena_20203_3_pdf_postcards-r494c8615e0f74362bc37da7fbeba1c3c_vgbaq_8byvr_324.jpg",
    "NSFW": "UNLIKELY",
    "caption": "Chinese name for Lena 20203_3.pdf Postcards",
    "id": 98440841,
    "similarity": "0.29201266169548035"
  },
  {
    "url": "https://japanese.prm-taiwan.com/UserFiles/company/96/logo.png",
    "NSFW": "UNLIKELY",
    "caption": "CHAO WEI PLASTIC MACHINERY CO., LTD.",
    "id": 176653809,
    "similarity": "0.29089799523353577"
  },
  {
    "url": "http://blog-imgs-43.fc2.com/o/s/a/osakadai/saiyu-movie_003s.jpg",
    "NSFW": "UNLIKELY",
    "caption": "saiyu-movie_003.jpg",
    "id": 28093903,
    "similarity": "0.29061219096183777"
  },
  {
    "url": "https://i.chzbgr.com/full/5528019456/hC6DC4ABC/",
    "NSFW": "UNLIKELY",
    "caption": "facial hair manly memorial mustache oh Japan statue - 5528019456",
    "id": 289420077,
    "similarity": "0.2905242145061493"
  },
  {
    "url": "https://is2.ecplaza.com/ecplaza1/logos/0/01/01b/770640632/logo.jpg",
    "NSFW": "UNLIKELY",
    "caption": "Kaiping Lishida Seasoning Food Co., Ltd. logo",
    "id": 229522621,
    "similarity": "0.2898174822330475"
  },
  {
    "url": "https://gregpole.files.wordpress.com/2015/09/socialist-realism-propaganda-poster-chinese-harvest.jpg?w=282&",
    "NSFW": "UNLIKELY",
    "caption": "Chinese socialist propaganda during harvest",
    "id": 203460311,
    "similarity": "0.28975194692611694"
  },
  {
    "url": "https://i.ytimg.com/vi/g9Swmh4asFg/hqdefault.jpg",
    "NSFW": "UNLIKELY",
    "caption": "梁文音 Wen Yin Liang – 《還好》Official Music Video",
    "id": 304936040,
    "similarity": "0.28956928849220276"
  },
  {
    "url": "https://i.pinimg.com/736x/a9/63/c4/a963c4dbeef7771c586fb6d0c9c0b4b6.jpg",
    "NSFW": "UNLIKELY",
    "caption": "UMEGANE WOODWORKS logo, branding, JAPAN on Behance",
    "id": 261596186,
    "similarity": "0.28956928849220276"
  },
  {
    "url": "http://rlv.zcache.co.uk/chinese_symbol_for_perseverance_bumper_stickers-r201a479be0ef4b10932cf62158dd2f02_v9wht_8byvr_324.jpg",
    "NSFW": "UNLIKELY",
    "caption": "Chinese Symbol for perseverance Bumper Stickers",
    "id": 351992130,
    "similarity": "0.28941574692726135"
  },
  {
    "url": "https://imgs.ototoy.jp/imgs/jacket/0297/00050800.1552446963.2041_320.jpg",
    "NSFW": "UNSURE",
    "caption": "Shake body (New Mix) (PCM 48kHz/24bit)",
    "id": 82867972,
    "similarity": "0.2892620861530304"
  },
  {
    "url": "http://i.ytimg.com/vi/jePlFRAejeg/0.jpg",
    "NSFW": "UNLIKELY",
    "caption": "真爱 True Love (hokkien Christian Song With Lyrics) Animation Done By Me video",
    "id": 280450842,
    "similarity": "0.2885376513004303"
  },
  {
    "url": "http://slideplayer.com/slide/2508391/9/images/17/many+a++%E5%8D%95%E6%95%B0%E5%90%8D%E8%AF%8D%EF%BC%88%E8%B0%93%E8%AF%AD%E7%94%A8%E5%8D%95%E6%95%B0%EF%BC%89+a+great/good+deal+of.+a+great/large+amount+of++%E4%B8%8D%E5%8F%AF%E6%95%B0%E5%90%8D%E8%AF%8D.+quite+a+little.+a+lot+of+/lots+of..jpg",
    "NSFW": "UNLIKELY",
    "caption": "many a +单数名词(谓语用单数) a great/good deal of. a great/large amount of +不可数名词. quite a little. a lot of /lots of.",
    "id": 366593729,
    "similarity": "0.2878293991088867"
  },
  {
    "url": "https://us.123rf.com/450wm/captainvector/captainvector1512/captainvector151205039/49754702-sham-shui-po-map-label.jpg?ver=6",
    "NSFW": "UNLIKELY",
    "caption": "po: sham shui po map label",
    "id": 127131722,
    "similarity": "0.2874467968940735"
  },
  {
    "url": "http://rlv.zcache.co.uk/chinese_symbol_for_baby_bumper_stickers-r8324045dcd314fd78a8da91e94b4fb41_v9wht_8byvr_324.jpg",
    "NSFW": "UNLIKELY",
    "caption": "Chinese Symbol for baby Bumper Stickers",
    "id": 83857986,
    "similarity": "0.2874213457107544"
  },
  {
    "url": "https://usercontent2.hubstatic.com/4156873_f520.jpg",
    "NSFW": "UNLIKELY",
    "caption": "Sima Guang broke a Vat to save a drowning child at eight.",
    "id": 97848515,
    "similarity": "0.287403404712677"
  },
  {
    "url": "https://www.mp4.vg/wp-content/uploads/2018/02/20180216_011540.jpg",
    "NSFW": "UNLIKELY",
    "caption": "[中英双字]东方快车谋杀案.Murder.On.The.Orient.Express.2017.1080p.BluRay.x264.CHS.ENG-3.36GB",
    "id": 301087086,
    "similarity": "0.2872166037559509"
  },
  {
    "url": "http://images.slidesplayer.com/39/10971829/slides/slide_26.jpg",
    "NSFW": "UNLIKELY",
    "caption": "The river is 300 feet broad (wide). 这 条河有三百多尺宽。 The door is wide open.",
    "id": 88238108,
    "similarity": "0.2872026264667511"
  },
  {
    "url": "http://matuhito_v.c.blog.so-net.ne.jp/_images/blog/_304/matuhito_v/lunasea20160922ticket.jpg",
    "NSFW": "UNLIKELY",
    "caption": "lunasea20160922ticket.jpg",
    "id": 275653018,
    "similarity": "0.2868472635746002"
  },
  {
    "url": "https://media.npr.org/assets/img/2016/05/05/kfcad-ae310666164986cd0b3f43cd38decbf9d09cfac4.png?s=300",
    "NSFW": "UNLIKELY",
    "caption": "KFC promotes its chicken-flavored edible nail polish in an ad on YouTube.",
    "id": 389378810,
    "similarity": "0.28664082288742065"
  },
  {
    "url": "http://slideplayer.com/slide/695282/2/images/9/in+depth+%E5%BD%BB%E5%BA%95%E5%9C%B0+in+regard+to+%E5%85%B3%E4%BA%8E+in+the+neighborhood+of+%E5%A4%A7%E7%BA%A6%E3%80%81%E9%82%BB%E8%BF%91+in+retrospect+%E5%9B%9E%E9%A1%BE%EF%BC%8C%E4%B8%80%E6%83%B3%E8%B5%B7+in+behalf+of+%E4%BB%A3%E8%A1%A8......%E5%88%A9%E7%9B%8A+in+the+least+%E4%B8%80%E7%82%B9%EF%BC%8C%E4%B8%9D%E6%AF%AB.jpg",
    "NSFW": "UNLIKELY",
    "caption": "in depth 彻底地 in regard to 关于 in the neighborhood of 大约、邻近 in retrospect 回顾,一想起 in behalf of 代表......利益 in the least 一点,丝毫",
    "id": 247894739,
    "similarity": "0.2866016924381256"
  },
  {
    "url": "https://jdcorporateblog.com/wp-content/uploads/2021/01/Chuan-Lu-433x292.png",
    "NSFW": "UNLIKELY",
    "caption": "Movie Director Chuan Lu Produces Mini-Movie for JD ahead of Chinese New Year",
    "id": 188098854,
    "similarity": "0.2863968014717102"
  },
  {
    "url": "http://i.ytimg.com/vi/wLLZf_wsr8U/mqdefault.jpg",
    "NSFW": "UNLIKELY",
    "caption": "'Reverse fireworks' go viral in new Chinese social media trend",
    "id": 141780370,
    "similarity": "0.2856074571609497"
  },
  {
    "url": "https://1cn9a51rqjf725dws347pvfp-wpengine.netdna-ssl.com/wp-content/uploads/2021/01/Chuan-Lu-433x292.png",
    "NSFW": "UNLIKELY",
    "caption": "Movie Director Chuan Lu Produces Mini-Movie for JD ahead of Chinese New Year",
    "id": 255061515,
    "similarity": "0.2855862081050873"
  },
  {
    "url": "https://i.ytimg.com/vi/Ezpu5Q2qtvY/mqdefault.jpg",
    "NSFW": "UNLIKELY",
    "caption": "Download Mp3 私の希望 / Watashi-no Kibou / Harapanku   Lyric Video  - Jpcc Worship X Live",
    "id": 280459664,
    "similarity": "0.28554555773735046"
  },
  {
    "url": "https://s3-us-west-1.amazonaws.com/echinesesong/wp-content/uploads/2020/09/19112815/Ni-Zhi-Zai-Hu-Ta-%E4%BD%A0%E5%8F%AA%E5%9C%A8%E4%B9%8E%E4%BB%96-You-Only-Care-About-Him-Lyrics-%E6%AD%8C%E8%A9%9E-With-Pinyin.jpg",
    "NSFW": "UNLIKELY",
    "caption": "Ni Zhi Zai Hu Ta 你只在乎他 You Only Care About Him Lyrics 歌詞 With Pinyin",
    "id": 44781873,
    "similarity": "0.2854084074497223"
  },
  {
    "url": "https://pics.me.me/thumb_theyre-good-in-the-south-china-ses-some-analysts-fear-42582674.png",
    "NSFW": "UNLIKELY",
    "caption": "Anaconda, Tumblr, and China: theyre good  in the South China Ses Some analysts fear Ching is evgenhc  ASIA  coe  China may be using sea  to hide its submarines  ermibtante  the South China Seapoweredssa  The Sooth China Sea-pale of lauching ert of that  bounded by Virtaan, tie maades and ia plan- Sice Riname10  China, Taian Jagan, the ming to add fhe nh void detectios,  Philippines and Malaysia acconding  Pncagon thry are less ndnerablet  afineerde stack than  United 9ates  ธ.  is one of the world', moet  report releaned last year.  i media href land  China aserts it hoids  the other wn in the  IL.S Navy official sald the muclear bomben awesomesthesia:  Sneak 100",
    "id": 206333147,
    "similarity": "0.28524962067604065"
  },
  {
    "url": "https://www.nanbudo.eu/flow/media-432-o.html",
    "NSFW": "UNLIKELY",
    "caption": "Association Nanbudo Crest",
    "id": 248879320,
    "similarity": "0.28520461916923523"
  },
  {
    "url": "http://rlv.zcache.com.au/chinese_word_for_gods_plan_10251_2_pdf_coaster-r5470d8c27d8a46bbb3dfb1c245e9aa6f_x7jy0_8byvr_324.jpg",
    "NSFW": "UNLIKELY",
    "caption": "Chinese word for God's Plan 10251_2.pdf Drink Coaster",
    "id": 33231413,
    "similarity": "0.2851719260215759"
  },
  {
    "url": "https://img1.od-cdn.com/ImageType-400/5719-1/067/ACE/6F/%7B067ACE6F-0F0B-420E-9C49-4E5EB371DAB0%7DImg400.jpg",
    "NSFW": "UNLIKELY",
    "caption": "cover image of 海上骑士——尼米兹 (Sea Knight-Nimitz)",
    "id": 201517045,
    "similarity": "0.28512707352638245"
  },
  {
    "url": "http://rlv.zcache.com/chinese_name_for_lena_20203_2_pdf_post_cards-rf135c853ac744c70ad4b508ca2ba36e3_vgbaq_8byvr_324.jpg",
    "NSFW": "UNLIKELY",
    "caption": "Chinese name for Lena 20203_2.pdf Post Cards",
    "id": 397154322,
    "similarity": "0.28512707352638245"
  },
  {
    "url": "http://3.bp.blogspot.com/-GfaxfVklvzk/UKiBh3KOTYI/AAAAAAAAEhI/gTinZ8SlxPw/s1600/SHANGHAI+PROPAGANDA+POSTER+ART+CENTRE-221921.jpg",
    "NSFW": "UNLIKELY",
    "caption": "SHANGHAI+PROPAGANDA+POSTER+ART+CENTRE-22",
    "id": 350222070,
    "similarity": "0.28512707352638245"
  },
  {
    "url": "https://yohkan.up.seesaa.net/image/abe20trump20us20weapons-thumbnail2.jpg",
    "NSFW": "UNLIKELY",
    "caption": "abe trump us weapons.jpg",
    "id": 107319497,
    "similarity": "0.28511375188827515"
  },
  {
    "url": "http://hk.hkdcs.org/wp-content/uploads/2014/04/section2_dandw_cihk_chinese_white_dolphins2.jpg",
    "NSFW": "UNLIKELY",
    "caption": "section2_dandw_cihk_chinese_white_dolphins2",
    "id": 404175031,
    "similarity": "0.28487876057624817"
  },
  {
    "url": "https://www.celki.com/sites/celki/files/styles/web_page_cover/public/2019/08/23/celki_new_banner_final_b3_c.jpg?itok=SmhdOcEB",
    "NSFW": "UNLIKELY",
    "caption": "sleep test, CPAP, Sleep, 睡眠窒息症, OSA, 睡眠測試",
    "id": 293236603,
    "similarity": "0.2848193645477295"
  },
  {
    "url": "https://uploads-ssl.webflow.com/5eaa6b6a5bf247710169bd9b/5ef00fff3e586b05e131c2bf_spur%20Retrospective%202020%20%C2%B7%20Shenzhen.png",
    "NSFW": "UNLIKELY",
    "caption": "Illustration of Shenzen",
    "id": 280856462,
    "similarity": "0.28471168875694275"
  },
  {
    "url": "https://i.ytimg.com/vi/qtEvWztnVe4/mqdefault.jpg",
    "NSFW": "UNLIKELY",
    "caption": "Chinese Martial Arts Movie Fighting Classics - Martial Arts and Levitation paranormal - Engsub Movie",
    "id": 259924312,
    "similarity": "0.2846270203590393"
  },
  {
    "url": "http://rlv.zcache.com/chinese_zodiac_pig_bumper_sticker-rfc9090ad06644c748d8df851a2181988_v9wht_8byvr_512.jpg",
    "NSFW": "UNLIKELY",
    "caption": "Chinese Zodiac - Pig Bumper Sticker",
    "id": 199044607,
    "similarity": "0.28459638357162476"
  },
  {
    "url": "http://rlv.zcache.com/chinese_symbol_for_cockroach_stickers-r68a2b02d577744ddae5872fc10b718bb_v9waf_8byvr_512.jpg",
    "NSFW": "UNLIKELY",
    "caption": "Chinese Symbol for cockroach Stickers",
    "id": 217991260,
    "similarity": "0.2845109701156616"
  },
  {
    "url": "https://mentor-nlp.com/wp-content/uploads/2019/12/92.-%E5%85%B1%E5%90%8C%E6%84%9F%E5%AE%98-Common-Sensibles.jpg",
    "NSFW": "UNLIKELY",
    "caption": "92. 共同感官(Common Sensibles)",
    "id": 181427611,
    "similarity": "0.2842956483364105"
  },
  {
    "url": "https://greenprimavera.tokyo/wp-content/uploads/2017/05/chinese_spinach-1020x1020.jpg",
    "NSFW": "UNLIKELY",
    "caption": "chinese_spinach",
    "id": 269497179,
    "similarity": "0.28426364064216614"
  },
  {
    "url": "http://img.youtube.com/vi/g-yMa2eatGg/mqdefault.jpg",
    "NSFW": "UNLIKELY",
    "caption": "Hangzhou China  city photo : Trip on tube : China trip ( 中国 )Episode 2 - Hangzhou trip ( 杭州 ) [HD]",
    "id": 237802213,
    "similarity": "0.28403913974761963"
  },
  {
    "url": "https://d3nuqriibqh3vw.cloudfront.net/styles/aotw_card_ir/s3/video_thumbnail_111.jpg?uQGsj5cPY5k3W9wfuO_kTX0J4zLChGuJ&itok=-ftL4Umu",
    "NSFW": "UNSURE",
    "caption": "Adidas Film Ad - Chinese New Year 2021",
    "id": 205563867,
    "similarity": "0.28358057141304016"
  },
  {
    "url": "https://res.dianjinwa.com/image/d/file/p/20190920/ee1bfc37475498ecfffb2b9bd7fe5ae6.jpg",
    "NSFW": "UNLIKELY",
    "caption": "The Legendary Tavern (Chinese New Series) EP 46 Ending - Chen Baoguo, Qin Hailu.",
    "id": 84249269,
    "similarity": "0.28354930877685547"
  },
  {
    "url": "http://img.youtube.com/vi/Cy6oKMV4kLY/hqdefault.jpg",
    "NSFW": "UNLIKELY",
    "caption": "周國賢|目黑 Endy Chow (cover By RU)",
    "id": 40020750,
    "similarity": "0.2830735445022583"
  },
  {
    "url": "https://www.nickstember.com/wp-content/uploads/2017/02/2013121111361507-1024x682.jpg",
    "NSFW": "UNLIKELY",
    "caption": "\"\"\"Portrait of the Late Wang Jingwei\"\" 汪精衛遺像 Ye Qianyu 葉淺予 (early 1940s)\"",
    "id": 126543645,
    "similarity": "0.2829679548740387"
  },
  {
    "url": "https://i.ytimg.com/vi/YZvicyoRnG4/mqdefault.jpg",
    "NSFW": "UNLIKELY",
    "caption": "梦。想 Wishful Dreams | Ep 4 |《我们之间的故事 The Stories Between Us》 A Butterworks x YES 933 Web Series",
    "id": 352779683,
    "similarity": "0.28289327025413513"
  },
  {
    "url": "https://i3.cpcache.com/product/303245588/zhaotong_china_35_button.jpg?side=Front&height=240&width=240&r=636969453672367425",
    "NSFW": "UNLIKELY",
    "caption": "Zhaotong China 3.5",
    "id": 122172658,
    "similarity": "0.28280675411224365"
  },
  {
    "url": "https://delcampe-static.net/img_thumb/auction/001/084/575/439_001.jpg?v=3",
    "NSFW": "UNLIKELY",
    "caption": "\"CHINA 1999, \"\"Deng Xiaoping\"\", 2 Blocks 91, Unmounted Mint + FD-cancellation, - 1949 - ... Repubblica Popolare\"",
    "id": 155696032,
    "similarity": "0.2826935946941376"
  },
  {
    "url": "https://i.ytimg.com/vi/_BM4B9tjRAk/hqdefault.jpg",
    "NSFW": "UNLIKELY",
    "caption": "Mastering Chinese Poetry Ep. 1: Classic Poem On Working Harder For A Better Life 《登鸛雀樓》",
    "id": 277977361,
    "similarity": "0.28252390027046204"
  },
  {
    "url": "https://i.ytimg.com/vi/RTkeKrfF0fg/mqdefault.jpg",
    "NSFW": "UNLIKELY",
    "caption": "YANGSHUO - China's Most BEAUTIFUL Landscape | Travel Vlog 4k",
    "id": 97115542,
    "similarity": "0.2824661433696747"
  },
  {
    "url": "https://www.asiabookroom.com/pictures/medium/164315.jpg?v=1566218725",
    "NSFW": "UNLIKELY",
    "caption": "祖国尊严不可辱. [Zu guo zhun yan bu ke ru]. [No Violation of the National Dignity]. SHANGHAI PUBLISHING AND REVOLUTIONARY UNIT, 上海市出版革命组.",
    "id": 370373973,
    "similarity": "0.2824150621891022"
  },
  {
    "url": "https://screenroom.cn/wp-content/uploads/2017/03/logoSblue.png",
    "NSFW": "UNLIKELY",
    "caption": "SCREEN ROOM",
    "id": 57973100,
    "similarity": "0.28231558203697205"
  },
  {
    "url": "https://i.ytimg.com/vi/SnSkQ-_G_EY/hqdefault.jpg",
    "NSFW": "UNLIKELY",
    "caption": "LACCO TOWER 「雨後晴」MV",
    "id": 333160126,
    "similarity": "0.2822727859020233"
  },
  {
    "url": "https://chinese.ava360.com/uploads/thumbs/d58e4100e-1.jpg",
    "NSFW": "UNLIKELY",
    "caption": "陳昇 Bobby Chen【歸鄉】Official Music Video",
    "id": 347338389,
    "similarity": "0.282097727060318"
  },
  {
    "url": "https://resources.wimpmusic.com/images/8228533c/eedd/4826/9982/6b2dc6c9dd72/640x640.jpg",
    "NSFW": "UNLIKELY",
    "caption": "Guzheng 古箏 - Relaxing Traditional Chinese Music 2018, Chinese Zither and Nature Sounds",
    "id": 296657657,
    "similarity": "0.281972736120224"
  },
  {
    "url": "https://i1.ytimg.com/vi/Zs8TRQ4PTYk/hqdefault.jpg",
    "NSFW": "UNLIKELY",
    "caption": "蘇打綠 sodagreen -【我好想你】Official Music Video",
    "id": 3076395,
    "similarity": "0.2816906273365021"
  },
  {
    "url": "https://i.ytimg.com/vi/F8i8xqGVVx0/0.jpg",
    "NSFW": "UNLIKELY",
    "caption": "Has the world abandoned the Uighur Muslims? | UpFront",
    "id": 7602664,
    "similarity": "0.28158798813819885"
  },
  {
    "url": "https://i.chzbgr.com/full/5528019456/hC6DC4ABC/",
    "NSFW": "UNLIKELY",
    "caption": "facial hair,manly,memorial,mustache,oh Japan,statue",
    "id": 43736230,
    "similarity": "0.28156423568725586"
  },
  {
    "url": "https://i.ytimg.com/vi/r-DW7bZX8Jg/mqdefault.jpg",
    "NSFW": "UNLIKELY",
    "caption": "陈伟联 《大海》chen Wei Lian - Da Hai (big Sea) Mv",
    "id": 31905009,
    "similarity": "0.28151530027389526"
  },
  {
    "url": "https://upload.wikimedia.org/wikipedia/commons/thumb/e/e6/Republic_of_China_Flags.jpg/300px-Republic_of_China_Flags.jpg",
    "NSFW": "UNLIKELY",
    "caption": "History of the Republic of China - Three different flags were originally used during the Revolution. The bottom message says Long live the Republic! with the five races represented by the Five-Color Flag of the Republic.",
    "id": 385014613,
    "similarity": "0.28151530027389526"
  },
  {
    "url": "http://www.morningcrane.com/wp-content/uploads/2015/09/qigiong_beach_graphic-300x169.jpg",
    "NSFW": "UNLIKELY",
    "caption": "qigiong_beach_graphic",
    "id": 94503763,
    "similarity": "0.28147754073143005"
  },
  {
    "url": "http://aff.yai.bz/assets/03/811/p0016981103.jpg",
    "NSFW": "UNLIKELY",
    "caption": "Castaway On The Moon (DVD) (Taiwan Version)",
    "id": 129175419,
    "similarity": "0.28143906593322754"
  },
  {
    "url": "http://i.ytimg.com/vi/J7QzKv5CsDU/hqdefault.jpg",
    "NSFW": "UNLIKELY",
    "caption": "C AllStar - 時日如飛 MV [Official] [官方]",
    "id": 297609508,
    "similarity": "0.2813352942466736"
  },
  {
    "url": "http://rlv.zcache.com.au/chinese_name_for_anna_20020_4_pdf_print-r4dc21b534bc14c5599f90fed584790eb_a5fg_8byvr_324.jpg",
    "NSFW": "UNLIKELY",
    "caption": "Chinese name for Anna 20020_4.pdf Print",
    "id": 404695316,
    "similarity": "0.2813040316104889"
  },
  {
    "url": "https://i.chzbgr.com/full/5528019456/hC6DC4ABC/",
    "NSFW": "UNLIKELY",
    "caption": "facial hair manly memorial mustache oh Japan statue",
    "id": 75243711,
    "similarity": "0.28126007318496704"
  },
  {
    "url": "https://www.picclickimg.com/d/l400/pict/192542671914_/Old-chinese-mini-Book-history-and-culture-adventure.jpg",
    "NSFW": "UNLIKELY",
    "caption": "Old chinese mini Book history and culture adventure Teaching Mr",
    "id": 370861148,
    "similarity": "0.28115662932395935"
  },
  {
    "url": "https://static.wixstatic.com/media/b46f4a_8a1c7c21aa774f8c8d80357d2ef68e07~mv2.jpeg/v1/fill/w_435,h_633,al_c,q_80,usm_0.66_1.00_0.01/poster%201.jpeg",
    "NSFW": "UNLIKELY",
    "caption": "Kerstin Kuntze | Shanghai Exhibition Tree of Life",
    "id": 372887633,
    "similarity": "0.2811420261859894"
  },
  {
    "url": "https://static.wixstatic.com/media/0bf309_d36a2ee2eac14a34963ed2efbb4becaa~mv2_d_1600_2123_s_2.jpg/v1/fill/w_498,h_661,al_c,q_85,usm_0.66_1.00_0.01/0bf309_d36a2ee2eac14a34963ed2efbb4becaa~mv2_d_1600_2123_s_2.jpg",
    "NSFW": "UNLIKELY",
    "caption": "Chinese Made Easy Textbook (3rd Ed, Simplified, Level 1)",
    "id": 378081732,
    "similarity": "0.2810969650745392"
  },
  {
    "url": "https://screenroom.cn/wp-content/uploads/2017/03/logoSblue.png",
    "NSFW": "UNLIKELY",
    "caption": "屏幕间 SCREENROOM",
    "id": 319415920,
    "similarity": "0.2808428704738617"
  },
  {
    "url": "https://pic.chinesefontdesign.com/uploads/2018/03/chinesefontdesign.com-2018-03-15_14-10-58_214001.jpg",
    "NSFW": "UNLIKELY",
    "caption": "13P Chinese font design on Chinese tea theme",
    "id": 383431799,
    "similarity": "0.2808038592338562"
  },
  {
    "url": "http://rlv.zcache.com/chinese_symbol_for_cockroach_round_stickers-r99f11cb0b7c444f3bdefd122226f2381_v9waf_8byvr_512.jpg",
    "NSFW": "UNLIKELY",
    "caption": "Chinese Symbol for cockroach Round Stickers",
    "id": 119214851,
    "similarity": "0.2807856798171997"
  },
  {
    "url": "https://www.go.asia/wp-content/uploads/2014/08/idea-save-the-islands.jpg",
    "NSFW": "UNLIKELY",
    "caption": "What to Do When Your Country is Drowning",
    "id": 72942377,
    "similarity": "0.2807556986808777"
  },
  {
    "url": "https://cdn.shopify.com/s/files/1/0477/4435/2418/files/hollywood-1245960_1280_1024x1024.jpg?v=1605103655",
    "NSFW": "UNLIKELY",
    "caption": "Shopify Geolocation App",
    "id": 198236578,
    "similarity": "0.28073960542678833"
  },
  {
    "url": "http://www.wandererdoc.in/wp-content/uploads/2018/01/IMG_5716-123-250x140.jpg",
    "NSFW": "UNLIKELY",
    "caption": "Heading to Changthang- Pangong Tso",
    "id": 263346858,
    "similarity": "0.28071603178977966"
  },
  {
    "url": "https://sm.mashable.com/t/mashable_me/fun/s/smart-cat-/smart-cat-shelter-uses-ai-to-let-strays-inside-but-no-dogs-a_7ruv.960.jpg",
    "NSFW": "UNLIKELY",
    "caption": "Smart cat shelter uses AI to let strays inside — but no dogs allowed",
    "id": 376940612,
    "similarity": "0.28071603178977966"
  },
  {
    "url": "http://i.ytimg.com/vi/f1jFAd0Sk8M/hqdefault.jpg",
    "NSFW": "UNSURE",
    "caption": "Ruby Lin - Momentarily (English Subbed) Video",
    "id": 285343113,
    "similarity": "0.2806951701641083"
  },
  {
    "url": "http://313ct818yszd3xd6xa2z47nm-wpengine.netdna-ssl.com/wp-content/uploads/2018/12/0_0_0_0_70_campaign-asia_content_Screen-Shot-2018-12-19-at-9.12.14-am.png",
    "NSFW": "UNLIKELY",
    "caption": "\"SK-II's controversial ad campaign about Chinese \"\"leftover\"\" women. Photo: Campaign Asia\"",
    "id": 388690703,
    "similarity": "0.280610591173172"
  },
  {
    "url": "https://a.wattpad.com/cover/288050-256-k3e271f7d.jpg",
    "NSFW": "UNLIKELY",
    "caption": "dung cu do do am hoang nam pro",
    "id": 179379923,
    "similarity": "0.2804636061191559"
  },
  {
    "url": "https://i1.wp.com/historyofjapan.files.wordpress.com/2017/03/document5_thumbnail.jpg?w=217&",
    "NSFW": "UNLIKELY",
    "caption": "The Society for the Popularization of the Constitution produced a series of illustrations written in simple, modern Japanese (just like the constitution itself) to help average citizens understand its meaning. This one describes the duties and role of the Emperor in the new system.",
    "id": 376813587,
    "similarity": "0.2804635167121887"
  },
  {
    "url": "https://queerty-prodweb.imgix.net/2020/08/Chinese-cartier2.jpg?&auto=format&auto=compress&crop=faces&fit=crop&w=412&h=206",
    "NSFW": "UNLIKELY",
    "caption": "Cartier insists this Chinese commercial featuring an implied gay couple is actually a father and son",
    "id": 336301911,
    "similarity": "0.28044241666793823"
  },
  {
    "url": "http://s7d2.scene7.com/is/image/Caterpillar/CM20180712-35597-51273?$cc-g$",
    "NSFW": "UNLIKELY",
    "caption": "Caterpillar dealer advertisement, Japan, 1928",
    "id": 253293252,
    "similarity": "0.280428946018219"
  },
  {
    "url": "http://thumbs.slideserve.com/1_5427558.jpg",
    "NSFW": "UNLIKELY",
    "caption": "The Nature of  γ-ray  Source 3EG J2020+4017",
    "id": 311717124,
    "similarity": "0.280428946018219"
  },
  {
    "url": "https://lab.iyasaka636.com/wp-content/uploads/2020/11/ea76a2b62440ab7c294fa9f3f02fcd77-520x300.jpg",
    "NSFW": "UNLIKELY",
    "caption": "【運命思考】CONNECTEDNESS",
    "id": 48840593,
    "similarity": "0.28039589524269104"
  },
  {
    "url": "http://file.vintageadbrowser.com/zc6s6w0bxwx2rh.jpg",
    "NSFW": "UNLIKELY",
    "caption": "Sing about victory! Sing about our beloved nation (1954)",
    "id": 253375523,
    "similarity": "0.28037306666374207"
  },
  {
    "url": "https://i.ytimg.com/vi/ib94dzNhfkM/hqdefault.jpg",
    "NSFW": "UNLIKELY",
    "caption": "Documentary   Amazing Marriage Customs   China Anthropology 101   English narration w Chinese subs",
    "id": 52394467,
    "similarity": "0.28028324246406555"
  },
  {
    "url": "http://rlv.zcache.com/chinese_symbol_for_copperhead_sticker-ra96aa3f3139144b7b2f256aeaeb0b153_v9waf_8byvr_324.jpg",
    "NSFW": "UNLIKELY",
    "caption": "Chinese Symbol for copperhead Sticker",
    "id": 113662548,
    "similarity": "0.28021886944770813"
  },
  {
    "url": "http://chinesemov.com/tv/images/2015/Paranormal-Mind-2015-1.jpg",
    "NSFW": "UNLIKELY",
    "caption": "Paranormal Mind Poster, 2015 Hong Kong Drama Series",
    "id": 378871793,
    "similarity": "0.28020572662353516"
  },
  {
    "url": "https://i.gadgets360cdn.com/large/mimax_main_1495804111030.jpg",
    "NSFW": "UNLIKELY",
    "caption": "Xiaomi Mi Max Sees 3 Million Units Sold Since Launch, CEO Confirms",
    "id": 322359225,
    "similarity": "0.2802031338214874"
  },
  {
    "url": "https://i.pinimg.com/236x/46/12/68/46126858b0ba52bc321389918118bc19.jpg",
    "NSFW": "UNLIKELY",
    "caption": "Cats in Art and Illustration: Japanese Matchbox Art",
    "id": 341381224,
    "similarity": "0.2799496054649353"
  },
  {
    "url": "http://debate-central.ncpathinktank.org/wp-content/uploads/2017/04/Screen-Shot-2017-04-22-at-11.02.48-PM-232x300.jpg",
    "NSFW": "UNLIKELY",
    "caption": "Xi Jinping's ambitious dream for the Xiongan New Area draws sceptical responses",
    "id": 37703061,
    "similarity": "0.279939740896225"
  }
]