[
  {
    "url": "http://i2.cdn.cnn.com/cnnnext/dam/assets/120323064629-china-bo-story-top.jpg",
    "NSFW": "UNSURE",
    "caption": "China's Bo Xilai indicted for corruption",
    "id": 140817252,
    "similarity": "0.32674726843833923"
  },
  {
    "url": "https://i1.wp.com/techpicks.co/wp-content/uploads/2019/10/elearningawards_02.jpg?fit=300%2C197&ssl=1",
    "NSFW": "UNLIKELY",
    "caption": "一般社団法人e-Learning initiative Japan",
    "id": 298616282,
    "similarity": "0.32630443572998047"
  },
  {
    "url": "https://www.ateles.org/wp-content/uploads/2019/07/NHK-newspaper-fox-Japan-1170x650.png",
    "NSFW": "UNLIKELY",
    "caption": "1 000 000 people reached in NHK BS Premium!",
    "id": 86105981,
    "similarity": "0.32592612504959106"
  },
  {
    "url": "https://www.japanbullet.com/images/2019/07/20466243065d347df29e5c97.78298298.jpg",
    "NSFW": "UNLIKELY",
    "caption": "Opposition leader speaks on election results",
    "id": 331301394,
    "similarity": "0.3255947530269623"
  },
  {
    "url": "http://nagoya.ciao.jp/wp/wp-content/uploads/2016/08/ishikawa_arikatadaigaku-150x112.jpg",
    "NSFW": "UNLIKELY",
    "caption": "Rainbow Children Japan 石川辰雄氏",
    "id": 333659506,
    "similarity": "0.3239128887653351"
  },
  {
    "url": "https://i.ytimg.com/vi/sHywNzhMENA/mqdefault.jpg",
    "NSFW": "UNLIKELY",
    "caption": "Download lagu 蔡小虎 心疼 MP3",
    "id": 368412916,
    "similarity": "0.3232596516609192"
  },
  {
    "url": "https://cdn.cnn.com/cnnnext/dam/assets/120323064629-china-bo-story-top.jpg",
    "NSFW": "NSFW",
    "caption": "Bo Xilai's foothold near the summit of the Chinese Communist Party started to crumble recently",
    "id": 381029450,
    "similarity": "0.32157033681869507"
  },
  {
    "url": "http://talk.news.pts.org.tw/sites/default/files/styles/large/public/youtube/KYzz2bQ0TzM.png?itok=uGhmDmmy",
    "NSFW": "UNLIKELY",
    "caption": "Embedded thumbnail for 告別2009 還要苦多久?",
    "id": 270877765,
    "similarity": "0.32144448161125183"
  },
  {
    "url": "https://lh3.googleusercontent.com/zKIwUG_bsbxLLjp_qKTcbyAm0OKI2ar53Vv4AXCH-aST5doEITnucijtZxs_bDhN2g=h310",
    "NSFW": "UNLIKELY",
    "caption": "皇母訓子十誡- screenshot thumbnail",
    "id": 385324146,
    "similarity": "0.32144448161125183"
  },
  {
    "url": "http://cdn.cnn.com/cnnnext/dam/assets/120323064629-china-bo-story-top.jpg",
    "NSFW": "UNSURE",
    "caption": "Once considered a top contender for the Politburo, Bo Xilai was stripped of his legislative membership.",
    "id": 124581917,
    "similarity": "0.32144448161125183"
  },
  {
    "url": "https://www.japanbullet.com/images/2020/11/11677108195fbbaf47227278.37469862.jpg",
    "NSFW": "UNLIKELY",
    "caption": "Sources: Abe's office covered some party costs",
    "id": 264640528,
    "similarity": "0.32144448161125183"
  },
  {
    "url": "https://i1.ytimg.com/vi/xY3myoig5jE/mqdefault.jpg",
    "NSFW": "UNLIKELY",
    "caption": "Nowhere Boys守護童真裡的Superpowers",
    "id": 70362224,
    "similarity": "0.32144448161125183"
  },
  {
    "url": "http://i2.cdn.turner.com/cnnnext/dam/assets/120323064629-china-bo-story-top.jpg",
    "NSFW": "NSFW",
    "caption": "Probing China's political drama",
    "id": 376061584,
    "similarity": "0.32144448161125183"
  },
  {
    "url": "https://img2.yna.co.kr/photo/cms/2019/02/13/63/PCM20190213000263990_P2.jpg",
    "NSFW": "UNLIKELY",
    "caption": "(LEAD) Top court orders review of Samsung heir's bribery case, convicting him of more charges",
    "id": 234097238,
    "similarity": "0.32144448161125183"
  },
  {
    "url": "http://i2.cdn.turner.com/cnnnext/dam/assets/120323064629-china-bo-story-top.jpg",
    "NSFW": "NSFW",
    "caption": "China's Bo Xilai indicted for corruption",
    "id": 111063352,
    "similarity": "0.32144448161125183"
  },
  {
    "url": "https://cdn.i.haymarketmedia.asia/?n=finance-asia%2fcontent%2fTOPIB3.jpg&amp;w=480",
    "NSFW": "UNLIKELY",
    "caption": "Asian tycoons' top bankers - Part 2",
    "id": 126378374,
    "similarity": "0.32144448161125183"
  },
  {
    "url": "http://i2.cdn.cnn.com/cnnnext/dam/assets/120323064629-china-bo-story-top.jpg",
    "NSFW": "NSFW",
    "caption": "Probing China's political drama",
    "id": 94419254,
    "similarity": "0.32144448161125183"
  },
  {
    "url": "http://i2.cdn.cnn.com/cnnnext/dam/assets/120323064629-china-bo-story-top.jpg",
    "NSFW": "UNLIKELY",
    "caption": "Bo Xilai's foothold near the summit of the Chinese Communist Party started to crumble recently",
    "id": 58868051,
    "similarity": "0.32144448161125183"
  },
  {
    "url": "http://i2.cdn.turner.com/cnnnext/dam/assets/120323064629-china-bo-story-top.jpg",
    "NSFW": "NSFW",
    "caption": "Bo Xilai's foothold near the summit of the Chinese Communist Party started to crumble recently.",
    "id": 109048716,
    "similarity": "0.32144448161125183"
  },
  {
    "url": "https://d279m997dpfwgl.cloudfront.net/wp/2018/03/0316_china-politics-1000x667.jpg",
    "NSFW": "UNLIKELY",
    "caption": "Vice chairman of the Standing Committee of the National People's Congress Li Jianguo (left) talks with Sun Chunlan, head of the United Front Work Department of the Communist Party of China Central Committee, at the Third Plenary Session of the Fifth Session of the 12th National People's Congress (NPC) at the Great Hall of the People on March 12, 2017 in Beijing. (Lintao Zhang/Getty Images)",
    "id": 118576975,
    "similarity": "0.32144448161125183"
  },
  {
    "url": "https://i0.wp.com/farm7.static.flickr.com/6088/6124646292_5ef76c4f80_m.jpg",
    "NSFW": "UNLIKELY",
    "caption": "Leung Ka-wing, senior VP news & public affairs of ATV, resigned",
    "id": 364864500,
    "similarity": "0.32144448161125183"
  },
  {
    "url": "https://www.tokyoreporter.com/wp-content/uploads/saga1.jpg",
    "NSFW": "UNLIKELY",
    "caption": "In July, police found the bodies of Ra Jisan and Chie Matsuhiro at a soil storage yard",
    "id": 63960277,
    "similarity": "0.32144448161125183"
  },
  {
    "url": "https://i.ytimg.com/vi/GciZYK3EHS8/0.jpg",
    "NSFW": "UNLIKELY",
    "caption": "Lin Yu Chun - I will always love you - Whitney Houston",
    "id": 341919456,
    "similarity": "0.3196459412574768"
  },
  {
    "url": "http://i2.cdn.cnn.com/cnnnext/dam/assets/120323064629-china-bo-story-top.jpg",
    "NSFW": "NSFW",
    "caption": "Bo Xilai's foothold near the summit of the Chinese Communist Party started to crumble recently.",
    "id": 34968112,
    "similarity": "0.3195551633834839"
  },
  {
    "url": "http://www.chaofamilyfoundations.com/wp-content/uploads/2015/07/thumbnail.png",
    "NSFW": "UNLIKELY",
    "caption": "Chao family recipe for success. interview",
    "id": 104099339,
    "similarity": "0.3195551633834839"
  },
  {
    "url": "https://www.telegraph.co.uk/multimedia/archive/02348/Zhou-Yongkang_2348342b.jpg",
    "NSFW": "NSFW",
    "caption": "China to investigate fearsome former security chief",
    "id": 147512963,
    "similarity": "0.3195551633834839"
  },
  {
    "url": "http://lh3.ggpht.com/X0MIU045GmHpQkvHZEbgiD1VZs2wR-k_kznxqzZW8kBfgKyU9it_lws5l54pjKs21fP9jLo4S6FdsbSHn0huxPM=h200",
    "NSFW": "UNLIKELY",
    "caption": "Screenshot of 百孝經",
    "id": 78401428,
    "similarity": "0.31935927271842957"
  },
  {
    "url": "http://img.arirang.co.kr/A_UpFile/News_Image/201408/N140822170908S.jpg",
    "NSFW": "UNLIKELY",
    "caption": "Prosecutors arrest 3 of 5 lawmakers wanted for corruption",
    "id": 125421668,
    "similarity": "0.3192853033542633"
  },
  {
    "url": "http://i2.cdn.turner.com/money/dam/assets/130726142044-bo-xilai-china-620xa.jpg",
    "NSFW": "NSFW",
    "caption": "Bo Xilai indictment: China's unsubtle warning",
    "id": 197898271,
    "similarity": "0.3187602758407593"
  },
  {
    "url": "https://cdn1.i-scmp.com/sites/default/files/styles/220x137/public/images/methode/2017/10/28/1db02ca0-ba49-11e7-affb-32c8d8b6484e_image_hires_000405.JPG?itok=jRektdK8",
    "NSFW": "NSFW",
    "caption": "China's former president, Jiang Zemin, at the Communist Party congress in Beijing. Photo: AFP",
    "id": 380963476,
    "similarity": "0.31793445348739624"
  },
  {
    "url": "http://ichef-1.bbci.co.uk/news/640/media/images/71741000/jpg/_71741330_71741329.jpg",
    "NSFW": "UNLIKELY",
    "caption": "China's space mission team celebrate after the landing",
    "id": 7836625,
    "similarity": "0.31788337230682373"
  },
  {
    "url": "http://i2.cdn.turner.com/cnn/dam/assets/120323064629-china-bo-story-top.jpg",
    "NSFW": "UNSURE",
    "caption": "What Bo Xilai's downfall tells us about China",
    "id": 204635568,
    "similarity": "0.31745073199272156"
  },
  {
    "url": "http://res.heraldm.com/phpwas/restmb_idxmake.php?idx=152&simg=/content/image/2019/09/15/20190915000192_0.jpg&md=20190915164312",
    "NSFW": "NSFW",
    "caption": "South Korea set to exclude Japan from whitelist this week",
    "id": 129934833,
    "similarity": "0.317409873008728"
  },
  {
    "url": "http://jto.s3.amazonaws.com/wp-content/uploads/2013/01/nn20120101c5a-200x200.jpg",
    "NSFW": "UNLIKELY",
    "caption": "Prime Minister Yoshihiko Noda (top center) took office in September 2011 after Japan had five short-lived prime ministers since 2006: (clockwise, from top right) Shinzo Abe, Yasuo Fukuda, Taro Aso, Yukio Hatoyama and Naoto Kan. | KYODO PHOTO OCOLLAGE",
    "id": 400266822,
    "similarity": "0.31719356775283813"
  },
  {
    "url": "http://cdn.c.photoshelter.com/img-get/I0000JhV8LPTRbqY/t/124/I0000JhV8LPTRbqY.jpg",
    "NSFW": "UNLIKELY",
    "caption": "May 24, 2010 - Tokyo, Japan - Japan's ruling Democratic Party of Japan (DPJ) Secretary-General Ichiro Ozawa delivers a speech at the party headquarters in Tokyo on May 24, 2010. For a second time, prosecutors decided not to indict Ozawa on May 21 for misuse of political funds, despite the prosecution inquest panel's recommendation.",
    "id": 6507737,
    "similarity": "0.31694912910461426"
  },
  {
    "url": "http://cdn7.wn.com/ph/img/b0/e2/84f6542555546c60bbf01d5a781a-grande.jpg",
    "NSFW": "UNLIKELY",
    "caption": "Democratic Party of Japan leader Naoto Kan, left, chats with outgoing Prime Minister Yukio Hatoyama at Parliament's lower house in Tokyo Friday, June 4, 2010.",
    "id": 355930392,
    "similarity": "0.3169127404689789"
  },
  {
    "url": "https://chinadigitaltimes.net/wp-content/uploads/2015/12/pd1-722x1024.png",
    "NSFW": "UNLIKELY",
    "caption": "Xi × XI: One Day, Eleven People's Daily Headlines",
    "id": 174889706,
    "similarity": "0.3167977035045624"
  },
  {
    "url": "https://www.med.cuhk.edu.hk/f/page/3214/8522/0p0/20200419-TVB.jpg",
    "NSFW": "UNLIKELY",
    "caption": "CU Medicine featured in TVB",
    "id": 370654271,
    "similarity": "0.31666281819343567"
  },
  {
    "url": "https://www.asianenews.net/wp-content/plugins/wccp-pro/watermark.php?&src=/wp-content/uploads/2020/09/Jackie-Chan.jpg&w=1",
    "NSFW": "UNLIKELY",
    "caption": "Jackie Chan is nearly drowned when shooting Vanguard film",
    "id": 22009127,
    "similarity": "0.31665053963661194"
  },
  {
    "url": "https://a57.foxnews.com/images.foxnews.com/content/fox-news/world/2015/05/13/japan-town-to-launch-quest-for-unesco-memory-world-status-for-kamikaze/_jcr_content/par/featured-media/media-0.img.jpg/876/493/1449202209416.jpg?ve=1&tl=1",
    "NSFW": "UNSURE",
    "caption": "\"Kampei Shimoide, left, mayor of Minamikyushu, speaks during a press conference at the Foreign Correspondents' Club of Japan in Tokyo, Wednesday, May 13, 2015. The Japanese city's plan to seek UNESCO recognition for its collection of documents related to its role as a launching base for \"\"kamikaze\"\" suicide attacks in the desperate last months of World War II is raising questions over how such memories should be preserved. Shimoide and others associated with the project said Wednesday they hope that registering the document collection as a UNESCO \"\"Memory of the World\"\" will help ensure it will convey the horrors and suffering of the war to future generations. (AP Photo/Shizuo Kambayashi)\"",
    "id": 368152157,
    "similarity": "0.31661102175712585"
  },
  {
    "url": "http://img8.iqilu.com/vmsimgs/2017/12/15/806978667_EC60D3BC42C54036AECD58C1F10BDE78.jpg",
    "NSFW": "UNLIKELY",
    "caption": "我是大明星:摇滚小王子重返舞台 歌唱《we will rock you》嗨翻全场",
    "id": 202363659,
    "similarity": "0.3165692687034607"
  },
  {
    "url": "http://news.bbcimg.co.uk/media/images/60240000/jpg/_60240788_014547483-1.jpg",
    "NSFW": "UNSURE",
    "caption": "Zhou Yongkang",
    "id": 178854562,
    "similarity": "0.3164695203304291"
  },
  {
    "url": "https://img.stickers.cloud/packs/d0ffa8aa-f245-4ffe-834d-5b94c2936313/png/426cdfb1-cc82-4250-8f52-a2cd33da9489.png",
    "NSFW": "UNLIKELY",
    "caption": "學而思-Miss June - Sticker 1",
    "id": 209584110,
    "similarity": "0.31645622849464417"
  },
  {
    "url": "http://img.youtube.com/vi/Cy6oKMV4kLY/hqdefault.jpg",
    "NSFW": "UNLIKELY",
    "caption": "周國賢|目黑 Endy Chow (cover By RU)",
    "id": 168463699,
    "similarity": "0.31631922721862793"
  },
  {
    "url": "http://ichef-1.bbci.co.uk/news/270/media/images/71741000/jpg/_71741330_71741329.jpg",
    "NSFW": "UNLIKELY",
    "caption": "China's space mission team celebrate after the landing",
    "id": 168434108,
    "similarity": "0.31613144278526306"
  },
  {
    "url": "https://i1.wp.com/metro.co.uk/wp-content/uploads/2018/10/sec_34013104-019b.jpg?quality=90&strip=all&crop=180px%2C0px%2C842px%2C630px&resize=480%2C360&zoom=1&ssl=1",
    "NSFW": "UNSURE",
    "caption": "Missing Interpol president 'sent photo of knife' to wife before vanishing",
    "id": 240918462,
    "similarity": "0.3160301148891449"
  },
  {
    "url": "https://justrecently.files.wordpress.com/2011/07/wen_jiabao_wenzhou_press_conference.jpg?w=370",
    "NSFW": "UNLIKELY",
    "caption": "Wen Jiabao press conference: You can ask that one",
    "id": 399088798,
    "similarity": "0.31593960523605347"
  },
  {
    "url": "https://cna-sg-res.cloudinary.com/image/upload/q_auto,f_auto/thumbnail/N5YjlxaTE6UpvWqfa7uXSK-CnoTr056w/yeOkC802fbC1__xn4xMDoxOmFkOxyVqc",
    "NSFW": "UNLIKELY",
    "caption": "Louis Ng on Supreme Court of Judicature (Amendment), Judges' Remuneration (Amendment), Constitution of the Republic of Singapore (Amendment) Bills",
    "id": 199457402,
    "similarity": "0.31588780879974365"
  },
  {
    "url": "https://www.med.cuhk.edu.hk/f/page/3214/9689/0p0/20200914-TVB.png",
    "NSFW": "UNLIKELY",
    "caption": "CU Medicine featured in TVB",
    "id": 117837477,
    "similarity": "0.31568267941474915"
  },
  {
    "url": "http://img.kiosko.net/2013/05/18/jp/asahi_shimbun.200.jpg",
    "NSFW": "UNLIKELY",
    "caption": "The Asahi Shimbun",
    "id": 136200225,
    "similarity": "0.3154907524585724"
  },
  {
    "url": "https://imgix.ranker.com/user_node_img/50084/1001668228/original/kim-dong-chul-photo-u1?w=650&q=50&fm=pjpg&fit=crop&crop=faces",
    "NSFW": "NSFW",
    "caption": "Kim Dong Chul is listed (or ranked) 3 on the list Insane Cases of People Who Disappeared in North Korea",
    "id": 396772632,
    "similarity": "0.31544482707977295"
  },
  {
    "url": "http://lh6.ggpht.com/MCyIrTkJty7LQGZzxEFT5ttolcRHP46Y8nXn5aJDyU_E0bWWO9IrPk2NSXuaPkPdIA1UCXm712T54xPq2nVzyE4=h200",
    "NSFW": "UNLIKELY",
    "caption": "Screenshot of 朱子治家格言",
    "id": 243773728,
    "similarity": "0.3149654269218445"
  },
  {
    "url": "https://images.indianexpress.com/2014/07/czar.jpg",
    "NSFW": "UNSURE",
    "caption": "Former security czar Zhou Yongkang",
    "id": 269011343,
    "similarity": "0.3148336410522461"
  },
  {
    "url": "https://hongkongfp.com/wp-content/uploads/2020/08/chrome_2020-08-25_13-11-06-1050x558.jpg",
    "NSFW": "UNLIKELY",
    "caption": "carrie lam covid test",
    "id": 393855941,
    "similarity": "0.3148256242275238"
  },
  {
    "url": "http://l2.yimg.com/uu/api/res/1.2/VuzP_UpCyoMn2Nd_a1yoUg--/YXBwaWQ9eXRhY2h5b247aD04Njt3PTEzMDs-/http://media.zenfs.com/en-US/homerun/news.mashable/526f3c231b9865aa6e8e27301fd45a31",
    "NSFW": "UNSURE",
    "caption": "Chinese reporter's viral eye roll gets censored on social media",
    "id": 321799267,
    "similarity": "0.31482523679733276"
  },
  {
    "url": "https://www.tokyoreporter.com/wp-content/uploads/2012/01/magazine-e1341298492817-150x150.jpg",
    "NSFW": "UNLIKELY",
    "caption": "Police arrest three after worker linked to yakuza group sent to Kansai Electric Nuclear Plant, Jiji ...",
    "id": 405944918,
    "similarity": "0.3147764503955841"
  },
  {
    "url": "http://jto.s3.amazonaws.com/wp-content/uploads/2013/03/nb20120628n1a-200x200.jpg",
    "NSFW": "NSFW",
    "caption": "Like a nervous father: Prime Minister Yoshihiko Noda awaits the Lower House vote Tuesday on his consumption tax hike. | AP",
    "id": 359663637,
    "similarity": "0.31455886363983154"
  },
  {
    "url": "http://www.tibetanreview.net/wp-content/uploads/2014/08/zhouyk.jpg",
    "NSFW": "UNSURE",
    "caption": "Zhou Yongkang, China's former security chief (Photo courtesy: AP)",
    "id": 2644800,
    "similarity": "0.3144529163837433"
  },
  {
    "url": "http://english.ryukyushimpo.jp/wp-content/uploads/2018/01/58d27c8c0e364b6e066294084a135b5c-175x175.jpg",
    "NSFW": "UNSURE",
    "caption": "\"Governor Onaga states that a \"\"pillar of the Okinawan Government\"\" will be stopping new base construction, resolves to \"\"do everything we can,\"\" while admitting reducing the base burden, \"\"still far away\"\"\"",
    "id": 131415557,
    "similarity": "0.3143734037876129"
  },
  {
    "url": "http://hobbyholic.org/wp-content/uploads/2015/02/wf2015winter_alter_36-540x359.jpg",
    "NSFW": "UNLIKELY",
    "caption": "wf2015winter_alter_36",
    "id": 225563701,
    "similarity": "0.3142794370651245"
  },
  {
    "url": "https://cdn.mainichi.jp/vol1/2018/09/21/20180921p2a00m0na030000p/4.jpg?1",
    "NSFW": "UNLIKELY",
    "caption": "This picture shows a statement issued under the name of President Takanobu Sato of Shinchosha publishing house.",
    "id": 143358489,
    "similarity": "0.31410565972328186"
  },
  {
    "url": "https://cdn.cnn.com/cnnnext/dam/assets/120323064629-china-bo-story-top.jpg",
    "NSFW": "UNLIKELY",
    "caption": "Once considered a top contender for the Politburo, Bo Xilai was stripped of his legislative membership.",
    "id": 296730278,
    "similarity": "0.31407248973846436"
  },
  {
    "url": "https://www.tokyoreporter.com/wp-content/uploads/2012/12/kudo-300x168.jpg",
    "NSFW": "UNLIKELY",
    "caption": "Yakuza groups in Kyushu to be reclassified to facilitate arrests",
    "id": 399522608,
    "similarity": "0.31396862864494324"
  },
  {
    "url": "https://upload.wikimedia.org/wikipedia/commons/6/66/James_Soong_cropped.png",
    "NSFW": "NSFW",
    "caption": "James Soong cropped.png",
    "id": 138254663,
    "similarity": "0.313944011926651"
  },
  {
    "url": "http://lh4.ggpht.com/g_spIExQbc9-4ScRmS7XSTWF3CYuZKCQ7kfv_VF30VnWAd3Lxcu99qiQCTn4eJtfxTWLYVpnM0YLhHE0P4lC3A=h200",
    "NSFW": "UNLIKELY",
    "caption": "Screenshot of 百孝經",
    "id": 342997206,
    "similarity": "0.3138660192489624"
  },
  {
    "url": "https://lh3.googleusercontent.com/MvvzjRgris92izTlAcDaLxdjewaVGxxzjtli1v0EzbB6UT6BKMygk-RvyN8ftz8GRVg=h310",
    "NSFW": "UNLIKELY",
    "caption": "皇母訓子十誡- screenshot thumbnail",
    "id": 253375523,
    "similarity": "0.31382694840431213"
  },
  {
    "url": "https://upload.wikimedia.org/wikipedia/commons/thumb/3/3f/CTSP4th_Protests_Chong-mo_Lin.jpg/220px-CTSP4th_Protests_Chong-mo_Lin.jpg",
    "NSFW": "UNLIKELY",
    "caption": "CTSP4th Protests Chong-mo Lin.jpg",
    "id": 21786538,
    "similarity": "0.3137218952178955"
  },
  {
    "url": "https://media.npr.org/assets/img/2016/05/05/kfcad-ae310666164986cd0b3f43cd38decbf9d09cfac4.png?s=300",
    "NSFW": "UNLIKELY",
    "caption": "KFC promotes its chicken-flavored edible nail polish in an ad on YouTube.",
    "id": 72020234,
    "similarity": "0.3136691153049469"
  },
  {
    "url": "http://blog-imgs-64.fc2.com/p/a/t/patentpat/26benrisitokkyo.png",
    "NSFW": "UNLIKELY",
    "caption": "26benrisitokkyo.png",
    "id": 333900755,
    "similarity": "0.3136531412601471"
  },
  {
    "url": "https://gdb.voanews.com/4E825B85-96FF-4656-AED2-760F0C4FC298_w640_r1_s_cx0_cy22_cw100.jpg",
    "NSFW": "UNLIKELY",
    "caption": "Japanese Prime Minister Yoshihiko Noda announced his resignation as the DPJ chief after losing in parliamentary election in Tokyo, December 16, 2012.",
    "id": 351941874,
    "similarity": "0.31355348229408264"
  },
  {
    "url": "http://img.arirang.com/A_UpFile/News_Image/202010/N201025131301S.jpg",
    "NSFW": "UNLIKELY",
    "caption": "Samsung chairman Lee Kun-hee dies at 78",
    "id": 378081732,
    "similarity": "0.31341293454170227"
  },
  {
    "url": "https://zilingyuying.files.wordpress.com/2014/06/writing0003.jpg",
    "NSFW": "UNLIKELY",
    "caption": "Preparing for Chinese Writing/Composition – lower primary ...",
    "id": 394700397,
    "similarity": "0.3133353590965271"
  },
  {
    "url": "http://images.theage.com.au/2011/10/09/2680156/ipad-art-wide-9-20HU-20URGES-420x0.jpg",
    "NSFW": "UNSURE",
    "caption": "Reunification call ... Chinese President, Hu Jintao, left, with former president Jiang Zemin.",
    "id": 162517608,
    "similarity": "0.3131266236305237"
  },
  {
    "url": "http://news.bbcimg.co.uk/media/images/59764000/jpg/_59764575_014547483-1.jpg",
    "NSFW": "UNSURE",
    "caption": "Zhou Yongkang",
    "id": 158279533,
    "similarity": "0.31312036514282227"
  },
  {
    "url": "https://o.aolcdn.com/images/dims3/GLOB/crop/486x278+0+81/resize/250x140!/format/jpg/quality/85/https%3A%2F%2Fimg.huffingtonpost.com%2Fasset%2F5aa841a91f0000180316a407.png",
    "NSFW": "UNLIKELY",
    "caption": "Chinese Reporter Rolled Her Eyes On State Television, And Social Media Users Can't",
    "id": 333629745,
    "similarity": "0.3129296898841858"
  },
  {
    "url": "http://l3.yimg.com/bt/api/res/1.2/fhnmTqdY0kXpvhSwjVjWbg--/YXBwaWQ9eW5ld3M7Zmk9ZmlsbDtoPTQyMTtweG9mZj01MDtweW9mZj0wO3E9NzU7dz03NDk-/http://globalfinance.zenfs.com/images/US_AHTTP_AP_FINANCIALTIMES/aa6c653417cbd820200f6a706700242b_original.jpg",
    "NSFW": "NSFW",
    "caption": "Reports say Japanese elections likely Dec. 16",
    "id": 337070509,
    "similarity": "0.3128143846988678"
  },
  {
    "url": "http://i2.cdn.cnn.com/cnnnext/dam/assets/120323064629-china-bo-story-top.jpg",
    "NSFW": "NSFW",
    "caption": "Once considered a top contender for the Politburo, Bo Xilai was stripped of his legislative membership.",
    "id": 146117844,
    "similarity": "0.3128005266189575"
  },
  {
    "url": "https://i1.wp.com/i297.photobucket.com/albums/mm229/easychan_bucket/CIMG0615.jpg",
    "NSFW": "UNLIKELY",
    "caption": "17 casualities! Akihabara indiscriminate killing incident The company...parents....society is to blame",
    "id": 230075025,
    "similarity": "0.3127715289592743"
  },
  {
    "url": "https://s.hdnux.com/photos/07/47/23/1995993/29/920x920.jpg",
    "NSFW": "UNLIKELY",
    "caption": "\"FILE- This file photo taken Sept. 9, 2011, shows California State Sen. Ted Lieu , D-Torrance , as he speaks before the Senate  at the Capitol in Sacramento, Calif. Lieu is considering calling for a boycott of Lowe's stores after the home improvement chain pulled its advertising from a reality show about Muslim-Americans. Calling the retail giant's decision \"\"naked religious bigotry,\"\" Lieu said Sunday, Dec. 11, 2011, he would also consider legislative action if Lowe's doesn't apologize to Muslims and reinstate its ads. (AP Photo/Rich Pedroncelli, File) Photo: Rich Pedroncelli, Associated Press\"",
    "id": 224058686,
    "similarity": "0.3127475082874298"
  },
  {
    "url": "https://lh3.googleusercontent.com/hpyL98QnsvVxmCHM0uoRZMlpmTdbaN5Pn8rVM7LEpo89ml8lZb_PQgDBCv2My-HGtg=h310",
    "NSFW": "UNLIKELY",
    "caption": "皇母訓子十誡- screenshot thumbnail",
    "id": 158051224,
    "similarity": "0.3126828074455261"
  },
  {
    "url": "https://cdn1.i-scmp.com/sites/default/files/styles/780x510/public/2018/03/13/eyeroll_2.jpg?itok=T3NKM-mm&v=1520933280",
    "NSFW": "UNSURE",
    "caption": "The epic eye-roll that set the Chinese Internet ablaze",
    "id": 163112234,
    "similarity": "0.3126828074455261"
  },
  {
    "url": "https://ssl.c.photoshelter.com/img-get/I0000YB0gZD6mry4/s/500/aflo-ayfa017326.jpg",
    "NSFW": "UNLIKELY",
    "caption": "July 24, 2016, Tokyo, Japan - Japans free journalist Shuntaro Torigoe delivers his speech to Sunday shoppers at Tokyos bustling Ginza Street on July 24, 2016, in his last week of campaigning for the July 31 gubernatorial election. With the voting date one week away, Torigoe, 76, who has the backing from four opposition parties, is trailing former Defense Minister Yuriko Koike in the race according to latest surveys. (Photo by Natsuki Sakai/AFLO) AYF -mis-",
    "id": 215313834,
    "similarity": "0.3126821219921112"
  },
  {
    "url": "http://i2.cdn.turner.com/cnn/dam/assets/120323064629-china-bo-story-top.jpg",
    "NSFW": "UNLIKELY",
    "caption": "Once considered a top contender for the Politburo, Bo Xilai was stripped of his legislative membership.",
    "id": 26460581,
    "similarity": "0.3126595914363861"
  },
  {
    "url": "http://ichef.bbci.co.uk/news/270/media/images/71741000/jpg/_71741330_71741329.jpg",
    "NSFW": "UNLIKELY",
    "caption": "China's space mission team celebrate after the landing",
    "id": 163814204,
    "similarity": "0.31259360909461975"
  },
  {
    "url": "http://i2.wp.com/www.chinasmack.com/wp-content/uploads/2011/08/japanese-anchorwoman-allegedly-laughs-at-wenzhou-train-accident.jpg?resize=430%2C246",
    "NSFW": "UNLIKELY",
    "caption": "A image circulated on the Chinese internet allegedly showing a Japanese anchorwoman laughing at the 7.23 Wenzhou train collision disaster.",
    "id": 13938326,
    "similarity": "0.31251636147499084"
  },
  {
    "url": "https://i.ytimg.com/vi/l-AhpYFSMdg/0.jpg",
    "NSFW": "UNSURE",
    "caption": "Zhou Yongkang charged with bribery, abuse of power, intentional disclosure of state  secrets",
    "id": 63260437,
    "similarity": "0.3125143051147461"
  },
  {
    "url": "https://i.ytimg.com/vi/rKvkBPOB9KM/hqdefault.jpg",
    "NSFW": "UNLIKELY",
    "caption": "新加坡8種意想不到的罰款 8 types of unexpected fines in Singapore",
    "id": 131540318,
    "similarity": "0.3124174475669861"
  },
  {
    "url": "http://i2.cdn.turner.com/cnnnext/dam/assets/120323064629-china-bo-story-top.jpg",
    "NSFW": "UNLIKELY",
    "caption": "Bo Xilai's foothold near the summit of the Chinese Communist Party started to crumble recently",
    "id": 121142678,
    "similarity": "0.3124147951602936"
  },
  {
    "url": "https://img9.yna.co.kr/photo/cms/2019/05/20/13/PCM20190520000113990_T2.jpg",
    "NSFW": "UNLIKELY",
    "caption": "(3rd LD) No summit between S. Korea, Japan at G-20: Cheong Wa Dae",
    "id": 169466658,
    "similarity": "0.31227248907089233"
  },
  {
    "url": "https://img.rt.com/files/2015.12/original/5672cb92c3618879328b456f.jpg",
    "NSFW": "UNSURE",
    "caption": "Blogger ordered to pay Singapore PM $106k for alleging mismanagement of funds",
    "id": 263327268,
    "similarity": "0.3122352659702301"
  },
  {
    "url": "http://i.ytimg.com/vi/amiD18L6Yo8/mqdefault.jpg",
    "NSFW": "UNLIKELY",
    "caption": "周杰倫金曲串燒 Jay Chou's Medley (cover by RU)",
    "id": 394807319,
    "similarity": "0.3122003376483917"
  },
  {
    "url": "http://i2.cdn.turner.com/cnn/dam/assets/120323064629-china-bo-story-top.jpg",
    "NSFW": "NSFW",
    "caption": "Bo Xilai's foothold near the summit of the Chinese Communist Party started to crumble recently.",
    "id": 60116556,
    "similarity": "0.31215035915374756"
  },
  {
    "url": "http://cdn.c.photoshelter.com/img-get/I0000kTA_VufeIBc/t/124/I0000kTA_VufeIBc.jpg",
    "NSFW": "UNLIKELY",
    "caption": "May 24, 2010 - Tokyo, Japan - Japan's ruling Democratic Party of Japan (DPJ) Secretary-General Ichiro Ozawa delivers a speech at the party headquarters in Tokyo on May 24, 2010. For a second time, prosecutors decided not to indict Ozawa on May 21 for misuse of political funds, despite the prosecution inquest panel's recommendation.",
    "id": 236637603,
    "similarity": "0.312140554189682"
  },
  {
    "url": "http://news.bbcimg.co.uk/media/images/71741000/jpg/_71741330_71741329.jpg",
    "NSFW": "UNLIKELY",
    "caption": "China's space mission team celebrate after the landing",
    "id": 194623596,
    "similarity": "0.31197836995124817"
  },
  {
    "url": "https://beeest4u.com/wp/wp-content/uploads/2016/06/masuzoe_money_kechi_pose.jpg",
    "NSFW": "UNLIKELY",
    "caption": "masuzoe_money_kechi_pose",
    "id": 327614902,
    "similarity": "0.3118235468864441"
  },
  {
    "url": "http://i.usatoday.net/news/_photos/2012/04/10/Wife-of-Bo-Xilai-accused-in-murder-9A19J88A-x.jpg",
    "NSFW": "UNSURE",
    "caption": "Once a contender for a seat on China's top decision-making panel, Bo Xilai has been suspended from Communist Party positions in the latest development in the country's biggest political scandal in years.",
    "id": 110812565,
    "similarity": "0.31170880794525146"
  },
  {
    "url": "http://news.bbcimg.co.uk/media/images/64793000/jpg/_64793681_64793680.jpg",
    "NSFW": "UNLIKELY",
    "caption": "The LDP Secretary-General, Shigeru Ishiba, puts the party's first rosette by a success candidate's name at party headquarters in Tokyo",
    "id": 356394467,
    "similarity": "0.31165435910224915"
  },
  {
    "url": "http://cdn.c.photoshelter.com/img-get/I0000TrSR9mNw7qo/t/124/I0000TrSR9mNw7qo.jpg",
    "NSFW": "UNSURE",
    "caption": "June 17, 2010 - Tokyo, Japan - Japanese Prime Minister Naoto Kan, who is also leader of the ruling Democratic Party of Japan (DPJ), poses for photographers beside a campaign poster during a news conference in Tokyo, Japan, on June 17, 2010. Japan's ruling Democratic Party was set to unveil its campaign pledges for elections on July 11, and announced a plan to halve the world's largest public debt in six years.",
    "id": 369799724,
    "similarity": "0.31165096163749695"
  },
  {
    "url": "http://s3.reutersmedia.net/resources/r/?d=20151012&i=112512795&w=229&r=112512795-1&t=2",
    "NSFW": "UNLIKELY",
    "caption": "China jails ex-energy boss",
    "id": 230312125,
    "similarity": "0.3115600645542145"
  },
  {
    "url": "http://images.theage.com.au/2013/02/02/4000449/art-353-708513465-300x0.jpg",
    "NSFW": "UNSURE",
    "caption": "To resign ... Japanese women's Judo coac",
    "id": 282506718,
    "similarity": "0.3113803267478943"
  }
]