[
  {
    "url": "http://graphics8.nytimes.com/images/2013/12/23/world/23sino-Mao01/23sino-Mao01-thumbStandard-v2.jpg",
    "NSFW": "UNLIKELY",
    "caption": "Happy Birthday, Chairman Mao",
    "id": 32278572,
    "similarity": "0.311570405960083"
  },
  {
    "url": "http://d10b75yp86lc36.cloudfront.net/Monotaro3/pi/full/mono02518214-100513-02.jpg",
    "NSFW": "UNLIKELY",
    "caption": "Person-In-Charge Name Sticker",
    "id": 174982346,
    "similarity": "0.31149178743362427"
  },
  {
    "url": "https://cdn.shopify.com/s/files/1/1861/5239/products/WSYF_Cover_OP_2_1024x1024.jpg?v=1582769839",
    "NSFW": "UNLIKELY",
    "caption": "弟喂,做人阿甲阿甲就好(90 Stories of Wang Sha and Ye Feng)",
    "id": 73615165,
    "similarity": "0.31074169278144836"
  },
  {
    "url": "https://upload.wikimedia.org/wikipedia/commons/thumb/7/78/LiuShaoqi_Colour.jpg/220px-LiuShaoqi_Colour.jpg",
    "NSFW": "NSFW",
    "caption": "LiuShaoqi Colour.jpg",
    "id": 271847309,
    "similarity": "0.3101699650287628"
  },
  {
    "url": "http://st.depositphotos.com/1001003/1386/i/170/depositphotos_13869753-Mao-Tse-Tung.jpg",
    "NSFW": "UNLIKELY",
    "caption": "Mao Tse-Tung — Stock Photo",
    "id": 280208363,
    "similarity": "0.30979740619659424"
  },
  {
    "url": "https://sinopsis.cz/wp-content/uploads/2019/03/00lingdao.jpg",
    "NSFW": "UNLIKELY",
    "caption": "\"\"\"Party, government, Army, the civilian sector and education, East, West, South, North and Centre – the Party leads it all\"\": Xi Jinping has added this Mao Zedong dictum to the Party constitution. Source: 中国军网.\"",
    "id": 13938326,
    "similarity": "0.30962806940078735"
  },
  {
    "url": "http://factsanddetails.com/media/2/20080218-Mao%201927-wuhan.jpg",
    "NSFW": "UNLIKELY",
    "caption": "mao zedong his early life and rise in the chinese communist party  20080218 mao 1927 wuhan jpg",
    "id": 188282241,
    "similarity": "0.30958855152130127"
  },
  {
    "url": "http://i0.wp.com/listverse.com/wp-content/uploads/2011/07/kim_il_sung_young_official.jpg?resize=314%2C400",
    "NSFW": "UNLIKELY",
    "caption": "Kim Il Sung Young Official",
    "id": 253193728,
    "similarity": "0.3084121346473694"
  },
  {
    "url": "https://us.123rf.com/450wm/pedrosala/pedrosala1512/pedrosala151200338/50233381-yuan-banknotes-background.jpg?ver=6",
    "NSFW": "UNSURE",
    "caption": "yuan: Yuan banknotes background.",
    "id": 292606529,
    "similarity": "0.30831313133239746"
  },
  {
    "url": "https://upload.wikimedia.org/wikipedia/commons/thumb/7/78/LiuShaoqi_Colour.jpg/250px-LiuShaoqi_Colour.jpg",
    "NSFW": "NSFW",
    "caption": "LiuShaoqi Colour.jpg",
    "id": 210339145,
    "similarity": "0.3076654374599457"
  },
  {
    "url": "https://media.karousell.com/media/photos/products/2018/06/22/170824_175854707_thumbnail.jpg",
    "NSFW": "UNLIKELY",
    "caption": "P3-P5 higher chinese Compo guide. picture, point to note, example, model compo P3 P4 P5",
    "id": 383431799,
    "similarity": "0.30748450756073"
  },
  {
    "url": "https://cdn.shopify.com/s/files/1/0082/1582/2400/products/M-Sigg-Collection_tc_ed50ff0b-5e63-44a3-9870-b6eecc58ed1f_300x.jpg?v=1560234763",
    "NSFW": "UNLIKELY",
    "caption": "Cover of M+ Sigg Collection: Four Decades of Chinese Contemporary Art in Chinese Version",
    "id": 59786420,
    "similarity": "0.307105153799057"
  },
  {
    "url": "http://file.vintageadbrowser.com/ym0p45tg13ndh9.jpg",
    "NSFW": "UNLIKELY",
    "caption": "Honor elders, cherish the young, in harmony and unity (1953)",
    "id": 246067109,
    "similarity": "0.307105153799057"
  },
  {
    "url": "https://kaohongshuhome.files.wordpress.com/2020/05/12.jpg?w=500",
    "NSFW": "UNLIKELY",
    "caption": "人生第一次 - ren sheng di yi ci - The Firsts in Life - episode 12",
    "id": 369036163,
    "similarity": "0.3068861961364746"
  },
  {
    "url": "http://www.kfzimg.com/sw/kfzimg/3300/02d092fb8219f27ec3_s.jpg",
    "NSFW": "UNLIKELY",
    "caption": "20世紀中國全紀錄:Chronicle of China-20th Century",
    "id": 227133495,
    "similarity": "0.3064132630825043"
  },
  {
    "url": "http://puui.qpic.cn/qqvideo_ori/0/s0186nhstdx_496_280/0",
    "NSFW": "UNLIKELY",
    "caption": "The third grade Chinese Vol.1 Assignment: Write a diary",
    "id": 98440841,
    "similarity": "0.3063202202320099"
  },
  {
    "url": "https://dw3i9sxi97owk.cloudfront.net/uploads/hourliesAttachments/thumbs/400x303/2019/08/93064f5eebbdcea974bcd77bac89fa40.jpg",
    "NSFW": "UNLIKELY",
    "caption": "Translate Chinese to English (500 words)",
    "id": 357620291,
    "similarity": "0.3062504827976227"
  },
  {
    "url": "https://i1.ytimg.com/vi/Zs8TRQ4PTYk/hqdefault.jpg",
    "NSFW": "UNLIKELY",
    "caption": "蘇打綠 sodagreen -【我好想你】Official Music Video",
    "id": 75431076,
    "similarity": "0.3051398992538452"
  },
  {
    "url": "https://butaedo.com/sites/default/files/styles/video_thumbnail/public/videos/genius_youth_karateka_7_13_18.JPG?itok=6B8hvgXJ",
    "NSFW": "UNLIKELY",
    "caption": "\"Genius karate girl \"\"Mahiro Takano\"\" at Tsubame Martial Arts Festival\"",
    "id": 253375523,
    "similarity": "0.3047839403152466"
  },
  {
    "url": "https://mocfile.moc.gov.tw/images/large/4396399d-c262-49bd-9b06-f4adec508269.jpg",
    "NSFW": "UNLIKELY",
    "caption": "CHEN Ching-Yao〈Dear Leader, We Love You !〉Detail",
    "id": 396622814,
    "similarity": "0.30455282330513"
  },
  {
    "url": "https://i.stack.imgur.com/f636j.png",
    "NSFW": "UNLIKELY",
    "caption": "an excerpt from Xinhua Dictionary",
    "id": 215939429,
    "similarity": "0.3045002818107605"
  },
  {
    "url": "https://usercontent2.hubstatic.com/4156873_f520.jpg",
    "NSFW": "UNLIKELY",
    "caption": "Sima Guang broke a Vat to save a drowning child at eight.",
    "id": 21164115,
    "similarity": "0.3044366240501404"
  },
  {
    "url": "https://cdn0.rubylane.com/_pod/item/429/col1761/Japanese-Movie-Program-for-US-European-pic-1-180%3a5.5-28-l-9f9b7e-ffffff.jpg",
    "NSFW": "UNLIKELY",
    "caption": "Old Japanese Movie Program for US / European Films",
    "id": 301627844,
    "similarity": "0.3044312596321106"
  },
  {
    "url": "http://easternartreport.net/wp-content/uploads/2017/01/9781872843377-578x280.jpg",
    "NSFW": "UNLIKELY",
    "caption": "BOOK REVIEW: Lost Generation: Luo Zhenyu, Qing Loyalists and the Formation of Modern Chinese Culture",
    "id": 304936040,
    "similarity": "0.3041538894176483"
  },
  {
    "url": "http://lh4.ggpht.com/pVqboDUmrJjXs4WQtI1jhX0syUb04z2PfryPQmeJR1BhPar0_rIHQFaecnu3h0N4ACEL=h310",
    "NSFW": "UNLIKELY",
    "caption": "BIOGRAPHY OF WATCHMAN NEE - screenshot",
    "id": 261596186,
    "similarity": "0.3041538894176483"
  },
  {
    "url": "https://upload.wikimedia.org/wikipedia/commons/thumb/7/78/LiuShaoqi_Colour.jpg/200px-LiuShaoqi_Colour.jpg",
    "NSFW": "UNSURE",
    "caption": "LiuShaoqi Colour.jpg",
    "id": 381263482,
    "similarity": "0.3040581941604614"
  },
  {
    "url": "https://soranews24.com/wp-content/uploads/sites/3/2019/04/reiwa-1.png?w=640",
    "NSFW": "UNLIKELY",
    "caption": "Minds blown by wire art that shows transition to from old Japanese era to new【Video】",
    "id": 159164877,
    "similarity": "0.30399858951568604"
  },
  {
    "url": "https://cdn-images-1.medium.com/fit/c/120/120/0*5gdQknvRSFu4z3Aq.jpg",
    "NSFW": "UNLIKELY",
    "caption": "Go to the profile of China Files",
    "id": 144041260,
    "similarity": "0.30396726727485657"
  },
  {
    "url": "https://industrialhistoryhk.org/wp-content/uploads/2017/05/Chow-Sai-Woon-Source-HK-Yearbook-York-Lo.jpg",
    "NSFW": "UNLIKELY",
    "caption": "Chow Sai Woon, Source HK Yearbook York Lo",
    "id": 133248435,
    "similarity": "0.30389830470085144"
  },
  {
    "url": "https://photos.smugmug.com/PeoplePhotos/Faces-of-China/i-4m7dGnR/0/Ti/Chinese-People-Faces-of-China%20%28323%29-Ti.jpg",
    "NSFW": "UNLIKELY",
    "caption": "\"<a href=\"\"http://nomadicsamuel.com/category/photo-blog\"\">http://nomadicsamuel.com/category/photo-blog</a> : The faces of China.  Chinese people photos.  Candid shots of Chinese people from Shanghai, Hong Kong, Guilin, Yangshuo, Lijiang, Dali, Zhongdian, Shangrila.  Candid portraits showcasing smiles, emotions and everyday life.\"",
    "id": 202298914,
    "similarity": "0.30389830470085144"
  },
  {
    "url": "http://jameelcentre.ashmolean.org/media/collection/w425/Collections/Single_Objects/EA/EA_2008/EA_2008_0000/EA_2008_31_a-a-L.jpg",
    "NSFW": "UNLIKELY",
    "caption": "Two youths with a banner reading Changzheng duifront",
    "id": 288087215,
    "similarity": "0.30389830470085144"
  },
  {
    "url": "https://upload.wikimedia.org/wikipedia/commons/thumb/7/78/LiuShaoqi_Colour.jpg/330px-LiuShaoqi_Colour.jpg",
    "NSFW": "UNLIKELY",
    "caption": "Chairman of the Standing Committee of the National People's Congress - Image: Liu Shaoqi Colour",
    "id": 373819928,
    "similarity": "0.3038036823272705"
  },
  {
    "url": "https://i2.wp.com/openschoolbag.shopcadacdn.com/sites/files/openschoolbag/productimg/201904/chin_word_recognition_k2_9.jpg",
    "NSFW": "UNLIKELY",
    "caption": "K2 Chinese Word Recognition Worksheets",
    "id": 184398816,
    "similarity": "0.3038036823272705"
  },
  {
    "url": "http://2.bp.blogspot.com/_TLTAm--SLt4/TRtjBfZfyvI/AAAAAAAABAw/k1q3F-24cUc/S250/communist%2Bleaders.jpg",
    "NSFW": "UNLIKELY",
    "caption": "China orders journalists to retrain in communist theory",
    "id": 314934587,
    "similarity": "0.3037199378013611"
  },
  {
    "url": "http://bulats.hamburg001.com/wp-content/uploads/2018/06/step_bulats_coutermeasure_speaking.jpg",
    "NSFW": "UNLIKELY",
    "caption": "STEP BULATS Speaking試験対策",
    "id": 32307641,
    "similarity": "0.3035469949245453"
  },
  {
    "url": "https://www.sinosplice.com/wp-content/uploads/2019/11/xue-xi-qiang-guo.png",
    "NSFW": "UNLIKELY",
    "caption": "\"Parsing \"\"Xue Xi Qiang Guo\"\" for the Deeper Meaning\"",
    "id": 51372802,
    "similarity": "0.30351653695106506"
  },
  {
    "url": "http://i1.cpcache.com/product/128927845/kim_il_sung_journal.jpg?height=225&amp;width=225",
    "NSFW": "UNLIKELY",
    "caption": "Kim Il Sung Journal",
    "id": 394609494,
    "similarity": "0.3034706711769104"
  },
  {
    "url": "https://sph.washington.edu/images/closeup/meischke_cartoon.jpg",
    "NSFW": "UNSURE",
    "caption": "Chinese language emergency graphic novel",
    "id": 251077076,
    "similarity": "0.3034706711769104"
  },
  {
    "url": "http://2.bp.blogspot.com/-ryJuOLrko-c/T_b5EEiWvRI/AAAAAAAAD8E/2adqxdFk6I8/s400/DSC_0089.jpg",
    "NSFW": "UNLIKELY",
    "caption": "North Korean Art",
    "id": 24453967,
    "similarity": "0.3034706711769104"
  },
  {
    "url": "https://upload.wikimedia.org/wikipedia/commons/thumb/7/78/LiuShaoqi_Colour.jpg/300px-LiuShaoqi_Colour.jpg",
    "NSFW": "UNLIKELY",
    "caption": "President of the People's Republic of China - Image: Liu Shaoqi Colour",
    "id": 274488828,
    "similarity": "0.3029535710811615"
  },
  {
    "url": "https://1cn9a51rqjf725dws347pvfp-wpengine.netdna-ssl.com/wp-content/uploads/2021/01/Chuan-Lu-433x292.png",
    "NSFW": "UNLIKELY",
    "caption": "Movie Director Chuan Lu Produces Mini-Movie for JD ahead of Chinese New Year",
    "id": 347219130,
    "similarity": "0.3028947114944458"
  },
  {
    "url": "https://i.chzbgr.com/full/7544803584/h7C89FA82/",
    "NSFW": "UNLIKELY",
    "caption": "kim jong-un,north korean news,North Korea,Pyongyang,livestream,kcna,failbook,g rated",
    "id": 305367105,
    "similarity": "0.30283623933792114"
  },
  {
    "url": "http://i3.cpcache.com/product/128927756/kim_il_sung_journal.jpg?height=225&amp;width=225",
    "NSFW": "UNLIKELY",
    "caption": "Kim Il Sung Journal",
    "id": 277640941,
    "similarity": "0.30271756649017334"
  },
  {
    "url": "https://i.ytimg.com/vi/YZvicyoRnG4/mqdefault.jpg",
    "NSFW": "UNLIKELY",
    "caption": "梦。想 Wishful Dreams | Ep 4 |《我们之间的故事 The Stories Between Us》 A Butterworks x YES 933 Web Series",
    "id": 242740647,
    "similarity": "0.3026362955570221"
  },
  {
    "url": "https://upload.wikimedia.org/wikipedia/commons/thumb/7/78/LiuShaoqi_Colour.jpg/230px-LiuShaoqi_Colour.jpg",
    "NSFW": "UNLIKELY",
    "caption": "LiuShaoqi Colour.jpg",
    "id": 772623,
    "similarity": "0.3026184141635895"
  },
  {
    "url": "http://file.vintageadbrowser.com/m00mxdjduhkx2x.jpg",
    "NSFW": "UNLIKELY",
    "caption": "Zhang Haidi (1994)",
    "id": 7018561,
    "similarity": "0.3026113510131836"
  },
  {
    "url": "https://upload.wikimedia.org/wikipedia/commons/thumb/1/18/%E4%B8%83%E4%B8%80%E4%BA%94%E4%B9%8B%E5%89%8D%E7%9A%84%E6%B1%AA%E5%85%86%E9%8A%98.jpg/300px-%E4%B8%83%E4%B8%80%E4%BA%94%E4%B9%8B%E5%89%8D%E7%9A%84%E6%B1%AA%E5%85%86%E9%8A%98.jpg",
    "NSFW": "UNLIKELY",
    "caption": "Reorganized National Government of the Republic of China - Wang Jingwei was head of the Reorganized National Government",
    "id": 187859758,
    "similarity": "0.302562952041626"
  },
  {
    "url": "http://lh6.ggpht.com/TDxhLBh_urLsAWH_Vd8RrkxnlxqraseGl8d01B6NxzwNnWGTK_psgVtYFvKjG2cW2w=h310",
    "NSFW": "UNLIKELY",
    "caption": "BIOGRAPHY OF WATCHMAN NEE - screenshot",
    "id": 389326210,
    "similarity": "0.30255135893821716"
  },
  {
    "url": "http://www.flagchart.net/images/c/cn_foto-plamd.jpg",
    "NSFW": "UNLIKELY",
    "caption": "Peoples Liberation Army Medical Detachment",
    "id": 296657657,
    "similarity": "0.3025456666946411"
  },
  {
    "url": "https://t1.ftcdn.net/jpg/00/15/63/20/160_F_15632042_M4BGxAQUTbrOq7PKWiqvz9vwq9GXUW7h.jpg",
    "NSFW": "UNLIKELY",
    "caption": "Mao Tse Tung on 1 Yuan 1999 Banknote from China",
    "id": 74181968,
    "similarity": "0.3025016188621521"
  },
  {
    "url": "https://www.wikihow.com/images/thumb/0/00/Read-and-Write-Japanese-Fast-Step-14-Version-3.jpg/v4-728px-Read-and-Write-Japanese-Fast-Step-14-Version-3.jpg.webp",
    "NSFW": "UNLIKELY",
    "caption": "Gambar berjudul Read and Write Japanese Fast Step 14",
    "id": 370373973,
    "similarity": "0.3024802803993225"
  },
  {
    "url": "https://upload.wikimedia.org/wikipedia/commons/thumb/7/78/LiuShaoqi_Colour.jpg/330px-LiuShaoqi_Colour.jpg",
    "NSFW": "UNLIKELY",
    "caption": "Vice Chairman of the Communist Party of China - Image: Liu Shaoqi Colour",
    "id": 22457180,
    "similarity": "0.3024544417858124"
  },
  {
    "url": "http://pic.xoyo.com/bbs/forum/201703/05/015958fvv6x9jf964jf84h.png",
    "NSFW": "UNLIKELY",
    "caption": "Screenshot_2017-03-05-01-59-01-701_com.miui.notes.png",
    "id": 252541319,
    "similarity": "0.3024353086948395"
  },
  {
    "url": "https://christopherbrowndev.files.wordpress.com/2020/06/sleeptweet.png?w=597",
    "NSFW": "UNLIKELY",
    "caption": "\"Tweet with text, \"\"Learned a very relatable term today: \"\"報復性熬夜\"\" (revenge bedtime procrastination), a phenomenon in which people who don't have much control over their daytime life refuse to sleep early in order to regain some sense of freedom during late night hours.\"\"\"",
    "id": 398196631,
    "similarity": "0.30242428183555603"
  },
  {
    "url": "https://i0.wp.com/blogs.princeton.edu/cotsen/wp-content/uploads/sites/88/2016/02/N-000034.jpg?w=584&",
    "NSFW": "UNLIKELY",
    "caption": "The Diary of Lei Feng",
    "id": 294691746,
    "similarity": "0.30242428183555603"
  },
  {
    "url": "https://estatic.languagecourse.net/images/schools/general_new/tochigi-international-education-institute-utsunomiya_15633587871707.jpg",
    "NSFW": "UNSURE",
    "caption": "Tochigi International Education Institute, อุตสึโนะมิยะ",
    "id": 9767093,
    "similarity": "0.30236324667930603"
  },
  {
    "url": "https://i.pinimg.com/236x/90/47/e7/9047e705a7cd68b74312f306b4ebb5a8--philosophy-korean.jpg",
    "NSFW": "UNLIKELY",
    "caption": "Japanese Handwriting, Book Quotes, Me Quotes, Sewing Lessons, Life Words, Magic Words, Positive Words, Favorite Words, How To Better Yourself",
    "id": 304545844,
    "similarity": "0.30225086212158203"
  },
  {
    "url": "https://i.dailymail.co.uk/i/pix/2011/10/04/article-0-04136A2C0000044D-438_233x292.jpg",
    "NSFW": "UNLIKELY",
    "caption": "Leader: Jung Chang was born and raised in China under Mao Zedong (pictured) when the country was completely cut off from the rest of the world",
    "id": 187377635,
    "similarity": "0.3022070527076721"
  },
  {
    "url": "https://www.theartshouse.sg/assets/Events/2020-wfh-workshops/wfh-jul-an-epidemic-dictionary-banner2.jpg",
    "NSFW": "UNLIKELY",
    "caption": "瘟疫词典: 接力一首实在的虚拟情诗 An Epidemic Dictionary: Relaying A Truly Virtual Love Poem",
    "id": 352911409,
    "similarity": "0.3020527958869934"
  },
  {
    "url": "http://slideplayer.com/slide/695282/2/images/9/in+depth+%E5%BD%BB%E5%BA%95%E5%9C%B0+in+regard+to+%E5%85%B3%E4%BA%8E+in+the+neighborhood+of+%E5%A4%A7%E7%BA%A6%E3%80%81%E9%82%BB%E8%BF%91+in+retrospect+%E5%9B%9E%E9%A1%BE%EF%BC%8C%E4%B8%80%E6%83%B3%E8%B5%B7+in+behalf+of+%E4%BB%A3%E8%A1%A8......%E5%88%A9%E7%9B%8A+in+the+least+%E4%B8%80%E7%82%B9%EF%BC%8C%E4%B8%9D%E6%AF%AB.jpg",
    "NSFW": "UNLIKELY",
    "caption": "in depth 彻底地 in regard to 关于 in the neighborhood of 大约、邻近 in retrospect 回顾,一想起 in behalf of 代表......利益 in the least 一点,丝毫",
    "id": 275653018,
    "similarity": "0.30200865864753723"
  },
  {
    "url": "https://upload.wikimedia.org/wikipedia/commons/thumb/7/78/LiuShaoqi_Colour.jpg/300px-LiuShaoqi_Colour.jpg",
    "NSFW": "UNLIKELY",
    "caption": "Bourgeois nationalism - Liu Shaoqi",
    "id": 400830325,
    "similarity": "0.30199581384658813"
  },
  {
    "url": "https://upload.wikimedia.org/wikipedia/commons/thumb/7/78/LiuShaoqi_Colour.jpg/330px-LiuShaoqi_Colour.jpg",
    "NSFW": "UNLIKELY",
    "caption": "President of the People's Republic of China - Image: Liu Shaoqi Colour",
    "id": 188947235,
    "similarity": "0.3019653856754303"
  },
  {
    "url": "https://zilingyuying.files.wordpress.com/2014/06/writing0003.jpg",
    "NSFW": "UNLIKELY",
    "caption": "Preparing for Chinese Writing/Composition – lower primary ...",
    "id": 374366612,
    "similarity": "0.3019653856754303"
  },
  {
    "url": "https://cdn.shopify.com/s/files/1/2326/4921/products/image_aa607693-5fb8-4dd2-80ed-3e73f03f6a97_200x200.jpg?v=1508695329",
    "NSFW": "UNLIKELY",
    "caption": "Singapore Chinese Activity Book 5B",
    "id": 131206964,
    "similarity": "0.3019435703754425"
  },
  {
    "url": "http://lh6.ggpht.com/gj-gRXf0WUZ_23crEXvqzlcnZePREYpAIwzS8N6tN7iUa5pevXsOriYnIIZyqCSn4lxD=h310",
    "NSFW": "UNLIKELY",
    "caption": "BIOGRAPHY OF WATCHMAN NEE - screenshot",
    "id": 304384379,
    "similarity": "0.30182647705078125"
  },
  {
    "url": "https://media.npr.org/assets/img/2016/05/05/kfcad-ae310666164986cd0b3f43cd38decbf9d09cfac4.png?s=300",
    "NSFW": "UNLIKELY",
    "caption": "KFC promotes its chicken-flavored edible nail polish in an ad on YouTube.",
    "id": 388690703,
    "similarity": "0.3018193542957306"
  },
  {
    "url": "https://kbimages1-a.akamaihd.net/a21b7d00-f125-4191-8cf1-abfaddc7a7be/180/1000/False/v7RNvh-zTDuwItF4xueLuA.jpg",
    "NSFW": "UNLIKELY",
    "caption": "Junior High School English 2 ebook by Kazuhiro Ohnishi",
    "id": 233036514,
    "similarity": "0.3014632761478424"
  },
  {
    "url": "http://images.slidesplayer.com/40/11046666/slides/slide_14.jpg",
    "NSFW": "UNLIKELY",
    "caption": "ERP 市场国外主要软件商 厂商 主要产品 SAP R/3 Oracle Oracle Applications Frentstep Syteline Scala Intentia Movex Baan QAD J . D . Edwards JDE Peoplesoft",
    "id": 275169599,
    "similarity": "0.3014468252658844"
  },
  {
    "url": "http://d3l2rivt3pqnj2.cloudfront.net/i/prints/rw/en_easyart/sm/1/3/Mao--1972-Andy-Warhol-133869.jpg",
    "NSFW": "UNLIKELY",
    "caption": "Mao, 1972 art print by Andy Warhol",
    "id": 244600827,
    "similarity": "0.3013964891433716"
  },
  {
    "url": "https://www.nickstember.com/wp-content/uploads/2017/02/2013121111361507-1024x682.jpg",
    "NSFW": "UNLIKELY",
    "caption": "\"\"\"Portrait of the Late Wang Jingwei\"\" 汪精衛遺像 Ye Qianyu 葉淺予 (early 1940s)\"",
    "id": 209232949,
    "similarity": "0.30135032534599304"
  },
  {
    "url": "https://upload.wikimedia.org/wikipedia/commons/thumb/7/78/LiuShaoqi_Colour.jpg/247px-LiuShaoqi_Colour.jpg",
    "NSFW": "UNLIKELY",
    "caption": "LiuShaoqi Colour.jpg",
    "id": 160182682,
    "similarity": "0.30124691128730774"
  },
  {
    "url": "https://www.picclickimg.com/d/l400/pict/192542671914_/Old-chinese-mini-Book-history-and-culture-adventure.jpg",
    "NSFW": "UNLIKELY",
    "caption": "Old chinese mini Book history and culture adventure Teaching Mr",
    "id": 46018967,
    "similarity": "0.3011772930622101"
  },
  {
    "url": "https://i1.wp.com/blogs.princeton.edu/wp-content/uploads/sites/88/2016/02/N-000034.jpg?w=584&#038;ssl=1",
    "NSFW": "UNLIKELY",
    "caption": "The Diary of Lei Feng",
    "id": 155696032,
    "similarity": "0.30117303133010864"
  },
  {
    "url": "http://www.murali.today/wp-content/uploads/2019/01/Snip20190116_16.png",
    "NSFW": "NSFW",
    "caption": "Snip20190116 16 - Learn Chinese: HSK Level 1 Vocabulary ( 2/150 ) - 我们 (Wǒmen) - We",
    "id": 69906039,
    "similarity": "0.30116960406303406"
  },
  {
    "url": "https://soranews24.com/wp-content/uploads/sites/3/2017/11/poster-top.png?w=580",
    "NSFW": "UNLIKELY",
    "caption": "Japanese company tries to create motivational poster, accidentally creates demotivational poster",
    "id": 246840060,
    "similarity": "0.3010980486869812"
  },
  {
    "url": "http://cdn.c.photoshelter.com/img-get/I0000ukvrVZMGFHE/t/124/I0000ukvrVZMGFHE.jpg",
    "NSFW": "UNLIKELY",
    "caption": "Undated - Yoshitsugu Tatekawa was a lieutenant-general in the Imperial Japanese Army in World War II.  (Photo by Kingendai Photo Library/AFLO)",
    "id": 138594019,
    "similarity": "0.3010917007923126"
  },
  {
    "url": "https://upload.wikimedia.org/wikipedia/commons/thumb/7/78/LiuShaoqi_Colour.jpg/300px-LiuShaoqi_Colour.jpg",
    "NSFW": "UNLIKELY",
    "caption": "Chairman of the Standing Committee of the National People's Congress - Image: Liu Shaoqi Colour",
    "id": 125729430,
    "similarity": "0.30108800530433655"
  },
  {
    "url": "http://cyber-breeze.com/wp-content/uploads/2016/06/mao-young-1.png",
    "NSFW": "UNLIKELY",
    "caption": "As a child, Chairman Mao looked like a straight-A student.",
    "id": 318406567,
    "similarity": "0.30107101798057556"
  },
  {
    "url": "https://cdn.shopify.com/s/files/1/0079/5669/3110/products/a_e4bef0d7-3021-4215-ae30-51a29de1f323_large.jpg?v=1585892106",
    "NSFW": "NSFW",
    "caption": "Karate Goju-Ryu Embroidered Patch Iron or Sew - New",
    "id": 278428062,
    "similarity": "0.30107101798057556"
  },
  {
    "url": "http://slideplayer.com/slide/3568619/12/images/38/%E4%B8%AD%E8%80%83%E9%93%BE%E6%8E%A5+1.+%E2%80%94+What%E2%80%99s+wrong+with+you+today+%E2%80%94+I+am+quite+upset..jpg",
    "NSFW": "UNLIKELY",
    "caption": "中考链接 1. — What's wrong with you today — I am quite upset.",
    "id": 144226380,
    "similarity": "0.30107101798057556"
  },
  {
    "url": "https://i.chzbgr.com/maxW500/7544803584/h7C89FA82/",
    "NSFW": "UNLIKELY",
    "caption": "North Korea Now Streaming State-Run Newscasts on Facebook",
    "id": 200683695,
    "similarity": "0.30104827880859375"
  },
  {
    "url": "https://t.chzbgr.com/ThumbnailCache/maxW290/i.chzbgr.com/completestore/13/6/6/T0ZXnM-iV0udp5LLXmpxYQ2.jpg",
    "NSFW": "UNLIKELY",
    "caption": "North Korea Now Streaming State-Run Newscasts on Facebook",
    "id": 191811047,
    "similarity": "0.30102333426475525"
  },
  {
    "url": "https://cyber-breeze.com/wp-content/uploads/2016/06/mao-young-1.png",
    "NSFW": "UNLIKELY",
    "caption": "As a child, Chairman Mao looked like a straight-A student.",
    "id": 32344465,
    "similarity": "0.30084124207496643"
  },
  {
    "url": "https://jdcorporateblog.com/wp-content/uploads/2021/01/Chuan-Lu-433x292.png",
    "NSFW": "UNLIKELY",
    "caption": "Movie Director Chuan Lu Produces Mini-Movie for JD ahead of Chinese New Year",
    "id": 225252098,
    "similarity": "0.3008096516132355"
  },
  {
    "url": "http://4.bp.blogspot.com/_TLTAm--SLt4/TRYIY_5ALlI/AAAAAAAAA9w/KTKxPPLKhPk/S250/communist%2Bleaders.jpg",
    "NSFW": "UNLIKELY",
    "caption": "Communist forced not to devalue but to except the Communist party of China",
    "id": 307734910,
    "similarity": "0.3008030951023102"
  },
  {
    "url": "https://photos.smugmug.com/PeoplePhotos/Faces-of-China/i-4m7dGnR/0/c56e4418/Ti/Chinese-People-Faces-of-China%20%28323%29-Ti.jpg",
    "NSFW": "UNLIKELY",
    "caption": "\"<a href=\"\"http://nomadicsamuel.com/category/photo-blog\"\">http://nomadicsamuel.com/category/photo-blog</a> : The faces of China.  Chinese people photos.  Candid shots of Chinese people from Shanghai, Hong Kong, Guilin, Yangshuo, Lijiang, Dali, Zhongdian, Shangrila.  Candid portraits showcasing smiles, emotions and everyday life.\"",
    "id": 311820522,
    "similarity": "0.3007952868938446"
  },
  {
    "url": "https://img1.od-cdn.com/ImageType-400/5719-1/15B/33C/21/%7B15B33C21-DD64-4E03-BFF8-705EC822ED47%7DImg400.jpg",
    "NSFW": "UNLIKELY",
    "caption": "cover image of 千古圣君——李世民 (Good Emperor Through the Ages-Li Shimin)",
    "id": 167806195,
    "similarity": "0.3007952868938446"
  },
  {
    "url": "https://upload.wikimedia.org/wikipedia/commons/thumb/3/38/Causes_of_Autism_in_Brain.png/300px-Causes_of_Autism_in_Brain.png",
    "NSFW": "UNLIKELY",
    "caption": "Cause of autism in different brain regions (Ja...",
    "id": 171739507,
    "similarity": "0.30079489946365356"
  },
  {
    "url": "https://twilc.com/wp-content/uploads/ni-hao-ma-how-are-you-in-mandarin-chinese-300x216.jpg",
    "NSFW": "UNSURE",
    "caption": "how to say how are you in mandarin chinese",
    "id": 237685029,
    "similarity": "0.3007326126098633"
  },
  {
    "url": "http://images.fineartamerica.com/images-greeting-cards-real/greeting-card-mao-zedong-hanging-vancouver-chinatown-john-mitchell.jpg",
    "NSFW": "UNSURE",
    "caption": "Chairman Mao Zedong Greeting Cards - MAO ZEDONG HANGING Vancouver Chinatown Greeting Card by John  Mitchell",
    "id": 81027326,
    "similarity": "0.300729364156723"
  },
  {
    "url": "https://chinese.ava360.com/uploads/thumbs/d58e4100e-1.jpg",
    "NSFW": "UNLIKELY",
    "caption": "陳昇 Bobby Chen【歸鄉】Official Music Video",
    "id": 132747098,
    "similarity": "0.3007243871688843"
  },
  {
    "url": "https://www.books.com.tw/img/001/042/66/0010426682.jpg",
    "NSFW": "UNLIKELY",
    "caption": "簡吉 =  The man who led peasants:A short biography of Chien Chi : 臺灣農民運動史詩 /",
    "id": 169971382,
    "similarity": "0.3007243871688843"
  },
  {
    "url": "https://learnjapanesedaily.com/wp-content/uploads/Funny-Doraemon-joke-Break-up-and-regret-1.jpg",
    "NSFW": "UNLIKELY",
    "caption": "Funny Doraemon joke Break up and regret",
    "id": 245025506,
    "similarity": "0.3006843328475952"
  },
  {
    "url": "http://shanghaiist.com/attachments/shang_kenneth/chairman-mao.jpg",
    "NSFW": "UNSURE",
    "caption": "http://shanghaiist.com/attachments/shang_kenneth/chairman-mao.jpg",
    "id": 280954566,
    "similarity": "0.3005317151546478"
  },
  {
    "url": "http://i.ytimg.com/vi/f1jFAd0Sk8M/hqdefault.jpg",
    "NSFW": "UNSURE",
    "caption": "Ruby Lin - Momentarily (English Subbed) Video",
    "id": 126565612,
    "similarity": "0.300438791513443"
  },
  {
    "url": "http://images.slideplayer.com/9/2519500/slides/slide_40.jpg",
    "NSFW": "UNLIKELY",
    "caption": "Talk about preferences and give reasons: 谈论喜好并给出原因: A: What's your favorite subject.",
    "id": 139769257,
    "similarity": "0.3004235625267029"
  },
  {
    "url": "http://easternartreport.net/wp-content/uploads/2017/01/9781872843377-578x280.jpg",
    "NSFW": "UNLIKELY",
    "caption": "Lost Generation: Luo Zhenyu, Qing Loyalists and the Formation of Modern Chinese Culture",
    "id": 256718412,
    "similarity": "0.30041778087615967"
  },
  {
    "url": "https://i.chzbgr.com/full/7544803584/h7C89FA82/",
    "NSFW": "UNLIKELY",
    "caption": "kim jong-un north korean news North Korea Pyongyang livestream kcna failbook g rated - 7544803584",
    "id": 112892465,
    "similarity": "0.30041778087615967"
  },
  {
    "url": "https://cdnimgen.vietnamplus.vn/t230/Uploaded/aohunsj/2021_01_18/1403721274014863744695403012667670377569566n.jpg",
    "NSFW": "UNLIKELY",
    "caption": "President Ho Chi Minh - founder of the Communist Party of Vietnam",
    "id": 351299717,
    "similarity": "0.30041778087615967"
  },
  {
    "url": "https://i.chzbgr.com/full/7544803584/h7C89FA82/north-korea-now-streaming-state-run-newscasts-on-facebook",
    "NSFW": "UNLIKELY",
    "caption": "kim jong-un north korean news North Korea Pyongyang livestream kcna failbook g rated - 7544803584",
    "id": 312742294,
    "similarity": "0.30041778087615967"
  }
]