[
  {
    "url": "https://www.uammi.org/new/wp-content/uploads/2017/07/ACT-Composites.png",
    "NSFW": "UNLIKELY",
    "caption": "Company Spotlight – ACT Aerospace",
    "id": 356065508,
    "similarity": "0.3604172468185425"
  },
  {
    "url": "https://www.rhopointcomponents.com/wp-content/uploads/2020/12/approval-aerospace-300x290.png",
    "NSFW": "UNLIKELY",
    "caption": "Rhopoint Aerospace Approved Logo",
    "id": 22467197,
    "similarity": "0.35891127586364746"
  },
  {
    "url": "http://redthornmrp.com/wp-content/uploads/2020/05/aero-banner-with-logo-1080x675.png",
    "NSFW": "UNLIKELY",
    "caption": "Redthorn Article in Aerospace Manufacturing Magazine – April 2020",
    "id": 405497967,
    "similarity": "0.3441160321235657"
  },
  {
    "url": "https://images.slideplayer.com/2/761404/slides/slide_2.jpg",
    "NSFW": "UNLIKELY",
    "caption": "What is an aerospace engineer.",
    "id": 159890678,
    "similarity": "0.3434235751628876"
  },
  {
    "url": "https://kosmonauta.net/wp-content/uploads/2013/08/images_stories_2013_sektor_prywatny_pozostale_armadillologo.jpg",
    "NSFW": "UNLIKELY",
    "caption": "Logo firmy Armadillo Aerospace / Credits - Armadillo Aerospace",
    "id": 314741376,
    "similarity": "0.3413775861263275"
  },
  {
    "url": "https://www.liveworx.com/images/logos/ADT-Logo.jpeg",
    "NSFW": "UNLIKELY",
    "caption": "Aerospace & Defense Technology",
    "id": 89722321,
    "similarity": "0.3413727879524231"
  },
  {
    "url": "https://i1.wp.com/futureaviationaerospaceworkforce.com/wp-content/uploads/2020/10/newsletter-logo.png?fit=1188%2C390&ssl=1",
    "NSFW": "UNLIKELY",
    "caption": "Future Aviation/Aerospace Workforce News",
    "id": 288857228,
    "similarity": "0.3413727879524231"
  },
  {
    "url": "http://drasticnews.com/wp-content/uploads/2014/02/AIA_Aerospace_Industries_Association.jpeg",
    "NSFW": "UNLIKELY",
    "caption": "AIA_Aerospace_Industries_Association",
    "id": 389558337,
    "similarity": "0.3413727879524231"
  },
  {
    "url": "http://cdn2.insidermonkey.com/blog/wp-content/uploads/2013/05/be-aerospace-inc-logo-279x300.jpg",
    "NSFW": "UNSURE",
    "caption": "B/E Aerospace Inc (NASDAQ:BEAV)",
    "id": 81989025,
    "similarity": "0.3413727879524231"
  },
  {
    "url": "https://lh3.googleusercontent.com/rqmtCniKnH7aLXq_brf3qL0045rQX3jPXz7BqtZ8ikoWucpFThSYLEKY55dA_JVzOMQ=w170",
    "NSFW": "UNLIKELY",
    "caption": "Aerospace Engineering",
    "id": 167509636,
    "similarity": "0.3413727879524231"
  },
  {
    "url": "https://slidestore.com/wp-content/uploads/2016/08/26591_Aerospace_Premium_PowerPoint_Template_Slide_1_Aviation_PowerPoint_Templates.jpg",
    "NSFW": "UNLIKELY",
    "caption": "Aerospace Premium PowerPoint Template",
    "id": 285774727,
    "similarity": "0.3393312692642212"
  },
  {
    "url": "https://images.sampletemplates.com/wp-content/uploads/2016/06/30160547/Aerospace-Engineering-Presentation-PPT.jpg",
    "NSFW": "UNLIKELY",
    "caption": "aerospace engineering presentation ppt",
    "id": 277262663,
    "similarity": "0.33895164728164673"
  },
  {
    "url": "http://rlv.zcache.com/coal_black_aerospace_engineer_mini_business_card-ra01b60d378144b59b08310806cda6085_i5791_8byvr_324.jpg",
    "NSFW": "UNLIKELY",
    "caption": "Coal Black Aerospace Engineer Mini Business Card",
    "id": 64911667,
    "similarity": "0.3388441503047943"
  },
  {
    "url": "http://i1.cpcache.com/product/171263170/aerospace_engineering.jpg?height=225&amp;width=225",
    "NSFW": "UNLIKELY",
    "caption": "Aerospace engineering",
    "id": 30057802,
    "similarity": "0.33724120259284973"
  },
  {
    "url": "http://slideplayer.it/slide/954131/3/images/13/Aerospace+Engineering+Team.jpg",
    "NSFW": "UNLIKELY",
    "caption": "Aerospace Engineering Team",
    "id": 345080372,
    "similarity": "0.33724120259284973"
  },
  {
    "url": "https://1l0044267psh26mr7fa57m09-wpengine.netdna-ssl.com/wp-content/themes/aa-theme/dist/images/nameplate.png",
    "NSFW": "UNSURE",
    "caption": "Aerospace America logo, click or touch this logo to return to the homepage",
    "id": 193697189,
    "similarity": "0.33724120259284973"
  },
  {
    "url": "http://rlv.zcache.co.uk/a_is_for_aerospace_engineering_posters-rcaee69bb5d82435d9221e49208e7a652_jwc_8byvr_512.jpg",
    "NSFW": "UNLIKELY",
    "caption": "A Is For Aerospace Engineering Posters",
    "id": 259049402,
    "similarity": "0.33647507429122925"
  },
  {
    "url": "https://www.loungtastic.com/wp-content/uploads/2020/03/aerospace-600x400.png",
    "NSFW": "UNLIKELY",
    "caption": "WATCH: The Age Of Aerospace (HD)",
    "id": 2393190,
    "similarity": "0.3356276750564575"
  },
  {
    "url": "https://www.nes-ips.com/wp-content/uploads/2016/04/market-sector-aerospace-and-defence-icon.jpg",
    "NSFW": "UNLIKELY",
    "caption": "Aerospace and Defence",
    "id": 39616824,
    "similarity": "0.3353375792503357"
  },
  {
    "url": "https://westeconline.com/wp-content/uploads/2017/02/adt-sponsor.png",
    "NSFW": "UNLIKELY",
    "caption": "Aerospace & Defense Technology",
    "id": 189446788,
    "similarity": "0.3349049687385559"
  },
  {
    "url": "https://cdn5.vectorstock.com/i/1000x1000/35/39/aircargo-aviation-logo-vector-24183539.jpg",
    "NSFW": "UNLIKELY",
    "caption": "Aircargo aviation logo",
    "id": 387447485,
    "similarity": "0.33428525924682617"
  },
  {
    "url": "https://0.s3.envato.com/files/42849812/AeroSpace_Logo_590.jpg",
    "NSFW": "UNLIKELY",
    "caption": "AeroSpace Logo - Abstract Logo Templates",
    "id": 339519572,
    "similarity": "0.33417877554893494"
  },
  {
    "url": "https://is1-ssl.mzstatic.com/image/thumb/Purple118/v4/1d/03/24/1d0324f8-bd36-c351-11e5-6b8a37ef4d19/source/512x512bb.jpg",
    "NSFW": "UNLIKELY",
    "caption": "International Aerospace",
    "id": 69687087,
    "similarity": "0.33409491181373596"
  },
  {
    "url": "https://image.spreadshirtmedia.com/image-server/v1/compositions/111793005/views/1,width=300,height=300,version=1473664654/aerospace-sq-t-shirts-men-s-premium-t-shirt.jpg",
    "NSFW": "UNLIKELY",
    "caption": "Aerospace_SQ T-Shirts - Men's Premium T-Shirt",
    "id": 348150318,
    "similarity": "0.3337520360946655"
  },
  {
    "url": "https://image.spreadshirtmedia.com/image-server/v1/compositions/111793005/views/1,width=300,height=300,appearanceId=1,backgroundColor=E8E8E8,version=1473664654/aerospace-sq-t-shirts-men-s-premium-t-shirt.jpg",
    "NSFW": "UNLIKELY",
    "caption": "Aerospace_SQ T-Shirts - Men's Premium T-Shirt",
    "id": 217249884,
    "similarity": "0.33351099491119385"
  },
  {
    "url": "https://cdn.dribbble.com/users/201816/screenshots/1900205/acp_thumb_teaser.jpg",
    "NSFW": "UNLIKELY",
    "caption": "Aerospace Competitive Program",
    "id": 110647307,
    "similarity": "0.3328177332878113"
  },
  {
    "url": "https://i1.wp.com/www.247hrm.com/wp-content/uploads/2016/08/auto-1.jpeg?resize=800%2C600&amp;ssl=1",
    "NSFW": "UNLIKELY",
    "caption": "Payroll & HR Software for Aerospace & Automotive Companies",
    "id": 144961390,
    "similarity": "0.331074982881546"
  },
  {
    "url": "https://www.nangasystems.com/wp-content/uploads/2018/02/Aerospace-Defence-hover-2.jpg",
    "NSFW": "UNLIKELY",
    "caption": "Nanga Systems Aerospace Defence",
    "id": 247028879,
    "similarity": "0.3309721052646637"
  },
  {
    "url": "https://www.airbus-shop.com/4411-medium_default/airspace-set-de-3-perchas-plegables.jpg",
    "NSFW": "UNLIKELY",
    "caption": "Airspace Set de 3 perchas plegables",
    "id": 344595204,
    "similarity": "0.3306597173213959"
  },
  {
    "url": "https://ge-mm-mro.s3.amazonaws.com/styles/800px_wide/s3/booths/images/2018/1/image__142.jpg?itok=7DR1xdci",
    "NSFW": "UNLIKELY",
    "caption": "Avionics International Supply, Inc.",
    "id": 361380267,
    "similarity": "0.330527663230896"
  },
  {
    "url": "https://static2.bigstockphoto.com/thumbs/0/3/1/large2/130994387.jpg",
    "NSFW": "UNLIKELY",
    "caption": "aerospace engineering, 3D rendering, red sticker with white text",
    "id": 317917189,
    "similarity": "0.33015602827072144"
  },
  {
    "url": "https://www.globalcnc.in/wp-content/uploads/2015/07/Aerospace-1.jpg",
    "NSFW": "UNLIKELY",
    "caption": "SOLUTIONS for Aerospace INDUSTRY",
    "id": 28296335,
    "similarity": "0.3295263648033142"
  },
  {
    "url": "https://icam.com/wp-content/uploads/2017/03/aerospace-component-manufacturing-1-800x534.jpg",
    "NSFW": "UNLIKELY",
    "caption": "Meeting Aerospace Manufacturing Challenges with ICAM Technologies Post-Processing & Simulation",
    "id": 82957394,
    "similarity": "0.32950201630592346"
  },
  {
    "url": "http://cdn2.insidermonkey.com/blog/wp-content/uploads/2013/07/BE-Aerospace-279x300.jpg",
    "NSFW": "UNSURE",
    "caption": "B/E Aerospace Inc (NASDAQ:BEAV)",
    "id": 306005242,
    "similarity": "0.3294484317302704"
  },
  {
    "url": "http://a3.mzstatic.com/us/r30/Purple/v4/de/67/68/de67689c-d9b2-cc34-ebc7-565e6c67a032/mza_6262180083102329115.100x100-75.png",
    "NSFW": "UNLIKELY",
    "caption": "International AerospaceGrafik",
    "id": 286652127,
    "similarity": "0.32899045944213867"
  },
  {
    "url": "https://us.123rf.com/450wm/rattikankeawpun/rattikankeawpun1702/rattikankeawpun170200015/71712892-set-of-aerospace-engineering-icon-design-for-airplane-and-aviation-.jpg?ver=6",
    "NSFW": "UNLIKELY",
    "caption": "Set of aerospace engineering icon design for airplane and aviation.",
    "id": 176134035,
    "similarity": "0.3289524018764496"
  },
  {
    "url": "http://cdn2.insidermonkey.com/blog/wp-content/uploads/2013/07/BE-Aerospace-559x600.jpg",
    "NSFW": "UNLIKELY",
    "caption": "B/E Aerospace Inc (NASDAQ:BEAV)",
    "id": 337150645,
    "similarity": "0.32885611057281494"
  },
  {
    "url": "https://www.idakoos.net/H0250CC0BL0000000390505050030WH0000A1A,aerospace-engineer.jpg",
    "NSFW": "UNLIKELY",
    "caption": "Aerospace Engineer Canvas square",
    "id": 379453604,
    "similarity": "0.3279997408390045"
  },
  {
    "url": "https://www.industrialfx.com/wp-content/uploads/2017/06/adv-cool-tech-screen.jpg",
    "NSFW": "UNLIKELY",
    "caption": "Advanced Cooling Technologies page - aerospace",
    "id": 224509370,
    "similarity": "0.3277337849140167"
  },
  {
    "url": "https://d1dft99ig719u9.cloudfront.net/thumbdoc/berlinpotato/www.ccd.eduaerospace_workforce_solutions_ec2662ff-3a2a.jpg",
    "NSFW": "UNLIKELY",
    "caption": "www.ccd.edu/aerospace - Workforce Solutions",
    "id": 15236231,
    "similarity": "0.3273874819278717"
  },
  {
    "url": "https://psasys.com/wp-content/uploads/2017/05/aerospace-CMPRO.jpg",
    "NSFW": "UNLIKELY",
    "caption": "CMPRO is used by aerospace companies to manage every aspect of the manufacturing process",
    "id": 306761664,
    "similarity": "0.32709193229675293"
  },
  {
    "url": "http://www.creavey.com/wp-content/uploads/2016/04/market-sector-aerospace-and-defence-icon.jpg",
    "NSFW": "UNLIKELY",
    "caption": "Aerospace and Defence",
    "id": 257335093,
    "similarity": "0.3268919885158539"
  },
  {
    "url": "https://www.cimx.com/hs-fs/hubfs/images/industry/ad-360x230.png?t=1516050207746&amp;width=360&amp;name=ad-360x230.png",
    "NSFW": "UNLIKELY",
    "caption": "AEROSPACE AND DEFENSE MANUFACTURING",
    "id": 275756533,
    "similarity": "0.326800674200058"
  },
  {
    "url": "https://d2gr5kl7dt2z3t.cloudfront.net/blog/wp-content/uploads/2013/07/BE-Aerospace-559x600.jpg",
    "NSFW": "UNLIKELY",
    "caption": "B/E Aerospace Inc (NASDAQ:BEAV)",
    "id": 228878747,
    "similarity": "0.32654011249542236"
  },
  {
    "url": "http://rlv.zcache.com/aerospace_engineering_notebook-r63b3259a7b814225a8ae87c84772c2cb_ambg4_8byvr_324.jpg",
    "NSFW": "UNLIKELY",
    "caption": "Aerospace Engineering Notebook",
    "id": 47185137,
    "similarity": "0.32654011249542236"
  },
  {
    "url": "http://rlv.zcache.ca/aerospace_engineer_embroidered_hats-p233787122320027785co588_324.jpg",
    "NSFW": "UNLIKELY",
    "caption": "AEROSPACE ENGINEER EMBROIDERED HATS",
    "id": 394022293,
    "similarity": "0.32651957869529724"
  },
  {
    "url": "https://cdn.shopify.com/s/files/1/1706/9075/products/DynamicImageHandler_29340d61-2570-40f2-9740-8e0a4294b66d.png?v=1578662745",
    "NSFW": "UNLIKELY",
    "caption": "Aerospace Engineer Since 2020 - Canvas Portrait",
    "id": 101644111,
    "similarity": "0.32639074325561523"
  },
  {
    "url": "https://assets.dice.com/techpro/companies/brandMax/AerospaceCorporation/logo2.png",
    "NSFW": "UNLIKELY",
    "caption": "Senior Market and Business Intelligence Analyst role from Aerospace Corporation in Chantilly",
    "id": 132187722,
    "similarity": "0.32639074325561523"
  },
  {
    "url": "https://thumbs.slideserve.com/1_5038954.jpg",
    "NSFW": "UNLIKELY",
    "caption": "Aerospace Education",
    "id": 139305947,
    "similarity": "0.32619327306747437"
  },
  {
    "url": "https://tradecounciluae.org/wp-content/uploads/2020/10/YJ-AEROSPACE-LLC-1.png",
    "NSFW": "UNLIKELY",
    "caption": "YJ AEROSPACE LLC The International Trade Council - a Peak Body, Non-Profit, International Chamber of Commerce. Assisting Businesses and Governments involved in International Trade and Investment.",
    "id": 131240211,
    "similarity": "0.32619327306747437"
  },
  {
    "url": "https://ge-mm-mro.s3.amazonaws.com/styles/800px_wide/s3/booths/images/2019/1/image__32.png?itok=KIF5n5jw",
    "NSFW": "UNLIKELY",
    "caption": "AD Aerospace Ltd.",
    "id": 267083071,
    "similarity": "0.32600632309913635"
  },
  {
    "url": "http://www.nanoimages.com/wp-content/uploads/Aerospace.png",
    "NSFW": "UNLIKELY",
    "caption": "Aerospace SEM Applications",
    "id": 170493356,
    "similarity": "0.3258281946182251"
  },
  {
    "url": "http://image2.slideserve.com/4269360/slide1-n.jpg",
    "NSFW": "UNLIKELY",
    "caption": "Designing High Strength Aluminium Alloys for Aerospace Applications",
    "id": 259558419,
    "similarity": "0.3257911503314972"
  },
  {
    "url": "https://upskill.io/wp-content/uploads/2017/04/aerospace-logo.jpg",
    "NSFW": "UNLIKELY",
    "caption": "Aerospace manufacturing and design logo",
    "id": 146302030,
    "similarity": "0.3256903886795044"
  },
  {
    "url": "https://lh3.googleusercontent.com/2EtaSs2gRfYiI3xzlQ7I-fqEcDy0yVIhshtOEBqw4-BjzgkZ4xRxYQlM0396tCcVIp0C=w170",
    "NSFW": "UNLIKELY",
    "caption": "Aerospace Engineering",
    "id": 272774545,
    "similarity": "0.3256068229675293"
  },
  {
    "url": "https://d2z1w4aiblvrwu.cloudfront.net/ad/7XzW/air-and-space-magazine-from-around-the-world-small-10.jpg",
    "NSFW": "UNLIKELY",
    "caption": "Air & Space Magazine TV Spot, 'From Around the World' - Thumbnail 10",
    "id": 143192417,
    "similarity": "0.3255872130393982"
  },
  {
    "url": "http://challengeraerospace.com/wp-content/uploads/2017/11/ChallengerAerospace_Small-White-946x280.png",
    "NSFW": "UNLIKELY",
    "caption": "Challenger Aerospace Group – Defense and Commercial",
    "id": 39372723,
    "similarity": "0.3254927098751068"
  },
  {
    "url": "http://0.s3.envato.com/files/42849812/AeroSpace_Logo_590.jpg",
    "NSFW": "UNLIKELY",
    "caption": "AeroSpace Logo - Abstract Logo Templates",
    "id": 290386544,
    "similarity": "0.32537031173706055"
  },
  {
    "url": "http://freevector.co/wp-content/uploads/2012/12/sap-aerospace-defense.png",
    "NSFW": "UNLIKELY",
    "caption": "SAP Aerospace & Defense",
    "id": 407283148,
    "similarity": "0.32536134123802185"
  },
  {
    "url": "https://www.integratedpolymersolutions.com/images/market-sectors/fabritech/aerospace-icon.jpg",
    "NSFW": "UNLIKELY",
    "caption": "Aerospace Applications",
    "id": 395541377,
    "similarity": "0.3252008557319641"
  },
  {
    "url": "https://thumbs.slideserve.com/1_71237.jpg",
    "NSFW": "UNLIKELY",
    "caption": "Welcome  Aerospace Education Officers",
    "id": 64118899,
    "similarity": "0.3251253366470337"
  },
  {
    "url": "http://ww1.prweb.com/prfiles/2013/06/06/10810021/tN_128058_logo_aip.jpg",
    "NSFW": "UNLIKELY",
    "caption": "AIP Aerospace Appoints Karl Bumgarner as Director of Design and...",
    "id": 49761625,
    "similarity": "0.32500171661376953"
  },
  {
    "url": "https://secureservercdn.net/198.71.233.150/h3u.cfa.myftpupload.com/wp-content/uploads/2020/09/the-aerospace-corporation3.png?time=1614207902",
    "NSFW": "UNLIKELY",
    "caption": "The Aerospace Corporation",
    "id": 226856129,
    "similarity": "0.3247571289539337"
  },
  {
    "url": "http://tse3.mm.bing.net/th?id=OIP.ZrhtNKJ7BdQvz2N8eY9D0wHaEK",
    "NSFW": "UNLIKELY",
    "caption": "amac aerospace amac aerospace appointed exclusive distributor of the new",
    "id": 318972628,
    "similarity": "0.32474786043167114"
  },
  {
    "url": "http://s3files.core77.com/blog/images/2013/10/be_aerospace.jpeg",
    "NSFW": "UNLIKELY",
    "caption": "Work for B/E Aerospace!",
    "id": 33380126,
    "similarity": "0.3247449994087219"
  },
  {
    "url": "http://freevector.co/wp-content/uploads/2012/12/sap-aerospace-defense.png",
    "NSFW": "UNLIKELY",
    "caption": "SAP Aerospace & Defense vector",
    "id": 64168859,
    "similarity": "0.3247449994087219"
  },
  {
    "url": "http://images.slideplayer.com/13/4099006/slides/slide_21.jpg",
    "NSFW": "UNLIKELY",
    "caption": "Aerospace Education",
    "id": 219474042,
    "similarity": "0.3246213495731354"
  },
  {
    "url": "http://rlv.zcache.com/a_is_for_aerospace_engineering_poster-rcaee69bb5d82435d9221e49208e7a652_jwc_8byvr_216.jpg",
    "NSFW": "UNLIKELY",
    "caption": "A Is For Aerospace Engineering Posters",
    "id": 154190847,
    "similarity": "0.32448750734329224"
  },
  {
    "url": "https://deow9bq0xqvbj.cloudfront.net/image-logo/2075239/AElogocentred1400x1400_300x300.jpg",
    "NSFW": "UNSURE",
    "caption": "The Aerospace Engineering Podcast",
    "id": 53975769,
    "similarity": "0.32444772124290466"
  },
  {
    "url": "https://i1.wp.com/www.247hrm.com/wp-content/uploads/2016/08/auto-1.jpeg?resize=800%2C600&ssl=1",
    "NSFW": "UNLIKELY",
    "caption": "Payroll & HR Software for Aerospace & Automotive Companies",
    "id": 3946328,
    "similarity": "0.32413607835769653"
  },
  {
    "url": "https://www.abbreviations.com/images/263309_AAS.png",
    "NSFW": "UNLIKELY",
    "caption": "AAS - Aerospace Advocates Society",
    "id": 64345114,
    "similarity": "0.3240944743156433"
  },
  {
    "url": "https://logowik.com/content/uploads/images/t_the-aerospace-corporation6972.jpg",
    "NSFW": "UNSURE",
    "caption": "The Aerospace Corporation",
    "id": 353605741,
    "similarity": "0.3236379027366638"
  },
  {
    "url": "https://logicsacademy.com/wp-content/uploads/2016/06/aerospace-topic.png",
    "NSFW": "UNLIKELY",
    "caption": "aerospace-topic",
    "id": 284330168,
    "similarity": "0.3234284520149231"
  },
  {
    "url": "http://ww1.prweb.com/prfiles/2013/04/17/10644703/gI_67580_CLAEROLOGO.png",
    "NSFW": "UNLIKELY",
    "caption": "C&L Aerospace is an industry leader in servicing, maintaining, and supporting carriers in the regional aviation industry",
    "id": 249764494,
    "similarity": "0.3234284520149231"
  },
  {
    "url": "http://images.slideplayer.com/7/1720540/slides/slide_7.jpg",
    "NSFW": "UNLIKELY",
    "caption": "Aerospace Products Division 350+ employees manufacture, distribute and sell: Solar-cells for satellite power panels Solar-cells for aircraft power aug",
    "id": 241516101,
    "similarity": "0.32340341806411743"
  },
  {
    "url": "https://assets.dice.com/techpro/companies/brandMax/AerospaceCorporation/logo2.png",
    "NSFW": "UNLIKELY",
    "caption": "Cyber Security Specialist / ISSM role from Aerospace Corporation in El Segundo",
    "id": 370472211,
    "similarity": "0.32340341806411743"
  },
  {
    "url": "https://mdevents.accessintel.com/satshow2020/wp-content/uploads/sites/93/sf/0693b0000079U8mAAEw150h100_fill.png",
    "NSFW": "UNLIKELY",
    "caption": "Aerospace and Defense Review Magazine",
    "id": 308581628,
    "similarity": "0.32339057326316833"
  },
  {
    "url": "http://meccanicagn.com/media/k2/items/cache/deb9f9efc56ef2a940bdf0d58ccaad5c_Generic.jpg",
    "NSFW": "UNLIKELY",
    "caption": "AEROSPACE & DEFENSE MEETINGS 2015",
    "id": 7918131,
    "similarity": "0.3232521712779999"
  },
  {
    "url": "https://us.123rf.com/450wm/rattikankeawpun/rattikankeawpun1702/rattikankeawpun170200015/71712892-%EB%B9%84%ED%96%89%EA%B8%B0-%EB%B0%8F-%ED%95%AD%EA%B3%B5-%EC%9A%B0%EC%A3%BC-%EA%B3%B5%ED%95%99-%EC%95%84%EC%9D%B4%EC%BD%98-%EB%94%94%EC%9E%90%EC%9D%B8%EC%9D%98-%EC%A7%91%ED%95%A9%EC%9E%85%EB%8B%88%EB%8B%A4-.jpg?ver=6",
    "NSFW": "UNLIKELY",
    "caption": "Set of aerospace engineering icon design for airplane and aviation.",
    "id": 192165763,
    "similarity": "0.3231384754180908"
  },
  {
    "url": "https://www.tecknowledgey.com/media/banner/AerospaceFlat.jpg",
    "NSFW": "UNLIKELY",
    "caption": "AerospaceFlat",
    "id": 138754693,
    "similarity": "0.3230055570602417"
  },
  {
    "url": "https://d3jh33bzyw1wep.cloudfront.net/s3/W1siZiIsIjIwMTcvMTIvMDUvMTQvMzcvMDQvNjY4L2Nhc2VzdHVkeS1iZS5qcGciXSxbInAiLCJ0aHVtYiIsIjMwMHgzMDAjIl1d",
    "NSFW": "UNLIKELY",
    "caption": "BE Aerospace Case Study",
    "id": 177281599,
    "similarity": "0.32297778129577637"
  },
  {
    "url": "http://rlv.zcache.com/100_percent_aerospace_engineer_mouse_pad-r7ae50f41600741d0b9bebdf601aaa442_x74vi_8byvr_324.jpg",
    "NSFW": "UNLIKELY",
    "caption": "100 Percent Aerospace Engineer Mouse Pad",
    "id": 330580470,
    "similarity": "0.32269856333732605"
  },
  {
    "url": "https://assets.dice.com/techpro/companies/brandMax/AerospaceCorporation/logo2.png",
    "NSFW": "UNLIKELY",
    "caption": "Senior Project Software Engineer role from Aerospace Corporation in El Segundo",
    "id": 241606579,
    "similarity": "0.32269856333732605"
  },
  {
    "url": "https://cdn.chambrelan.com/images/news/nae_p.jpg?ver=P.191209.0001",
    "NSFW": "UNLIKELY",
    "caption": "Chambrelan joins the NAE – Normandie AeroEspace excellence network",
    "id": 99492986,
    "similarity": "0.32221442461013794"
  },
  {
    "url": "https://content.cdntwrk.com/mediaproxy?url=https%3A%2F%2Fcontent.cdntwrk.com%2Ffiles%2FaT04NDY5NDYmcD0wJnZlcnNpb249MSZjbWQ9diZzaWc9YjliZjI5ZjJjNGM4MGI0Y2JkY2U4ZWIwZGQyMTY4YjM%25253D%2F-w-320.jpg&size=1&version=1529950704&sig=8e523dc26692ea33bfdd7bcff7e4e0fd&default=hubs%2Ftilebg-docs.jpg",
    "NSFW": "UNLIKELY",
    "caption": "Cybereason-Case-Study-Global-Aerospace-Manufacturer",
    "id": 287048917,
    "similarity": "0.3220073878765106"
  },
  {
    "url": "https://www.abbreviations.com/images/96830_AAO.png",
    "NSFW": "UNLIKELY",
    "caption": "AAO - Amphenol Aerospace Operations",
    "id": 143775151,
    "similarity": "0.3217335343360901"
  },
  {
    "url": "https://assets.dice.com/techpro/companies/brandMax/AerospaceCorporation/logo2.png",
    "NSFW": "UNLIKELY",
    "caption": "ENGRG SPECIALIST role from Aerospace Corporation in El Segundo",
    "id": 68758984,
    "similarity": "0.32135286927223206"
  },
  {
    "url": "http://autodromo.co.uk/wp-content/plugins/uber-grid/timthumb.php?src=http%3A%2F%2Fautodromo.co.uk%2Fwp-content%2Fuploads%2F2015%2F08%2F12news.png&w=126&h=185&zc=1",
    "NSFW": "UNLIKELY",
    "caption": "modelmakers UK aerospace",
    "id": 85565542,
    "similarity": "0.32122543454170227"
  },
  {
    "url": "https://thumb9.shutterstock.com/image-photo/redirected-150nw-577381252.jpg",
    "NSFW": "UNLIKELY",
    "caption": "set of aerospace engineering... | Shutterstock .eps vector #577381252",
    "id": 285849480,
    "similarity": "0.3211589455604553"
  },
  {
    "url": "https://is5-ssl.mzstatic.com/image/thumb/Purple71/v4/e4/92/2c/e4922cfc-2053-9c9b-97a0-e8c683ea31a4/source/512x512bb.jpg",
    "NSFW": "UNLIKELY",
    "caption": "International Aerospace",
    "id": 277260046,
    "similarity": "0.32100340723991394"
  },
  {
    "url": "https://images.slideplayer.com/85/14212659/slides/slide_1.jpg",
    "NSFW": "UNLIKELY",
    "caption": "ASAP Aerospace  Guaranteed on-time delivery Scheduling",
    "id": 285087487,
    "similarity": "0.32086998224258423"
  },
  {
    "url": "https://assets.dice.com/techpro/companies/brandMax/AerospaceCorporation/logo2.png",
    "NSFW": "UNLIKELY",
    "caption": "Algorithm Developer & Analyst role from Aerospace Corporation in El Segundo",
    "id": 118253508,
    "similarity": "0.320758581161499"
  },
  {
    "url": "http://telluraves.co.za/wp-content/uploads/2020/12/new-logo-final.jpg",
    "NSFW": "UNLIKELY",
    "caption": "Telluraves Aerospace",
    "id": 165973487,
    "similarity": "0.3206622302532196"
  },
  {
    "url": "https://cvgstrategy.com//wp-content/uploads/2013/08/Aerospace-Supply-Chain-080213b-500x375.png",
    "NSFW": "UNLIKELY",
    "caption": "Aerospace Supply Chain 080213b - AS9100 Consulting",
    "id": 288384024,
    "similarity": "0.3206068277359009"
  },
  {
    "url": "http://rlv.zcache.com/i_love_aerospace_engineering_hat-r3f2ab3102f8e4e6bb73d2ab55929b2cb_v9wfy_8byvr_324.jpg",
    "NSFW": "UNLIKELY",
    "caption": "I Love Aerospace Engineering Hat",
    "id": 356580070,
    "similarity": "0.3206048607826233"
  },
  {
    "url": "https://www.247hrm.com/wp-content/uploads/2016/08/auto-1.jpeg",
    "NSFW": "UNLIKELY",
    "caption": "Payroll & HR Software for Aerospace & Automotive Companies",
    "id": 372858316,
    "similarity": "0.32056865096092224"
  },
  {
    "url": "https://tjaerospace.com/wp-content/themes/tjaerospace/assets/img/tjaerospace-logo.png",
    "NSFW": "UNLIKELY",
    "caption": "Tj Aerospace Inc.",
    "id": 380582993,
    "similarity": "0.3205642104148865"
  },
  {
    "url": "https://cdn.shopify.com/s/files/1/0326/2699/9341/products/front_7f0b2131-3d17-43f9-ae7d-f163e74099ff_350x350@2x.png?v=1588325103",
    "NSFW": "UNLIKELY",
    "caption": "Aerospace Engineer Gift 2020",
    "id": 297716055,
    "similarity": "0.32054442167282104"
  },
  {
    "url": "https://conference.saseconnect.org/images/2019NC/Sponsors/Aerospace-150x150.png",
    "NSFW": "UNLIKELY",
    "caption": "The Aerospace Corporation",
    "id": 40245319,
    "similarity": "0.3205154240131378"
  },
  {
    "url": "https://www.asap-aerospace.com/images/asap-aeropsace.png",
    "NSFW": "UNLIKELY",
    "caption": "ASAP Aerospace, Aerospace, NSN Parts Distributors, USA",
    "id": 19198386,
    "similarity": "0.3204956650733948"
  }
]