[
  {
    "url": "http://1.bp.blogspot.com/-eCmRigLFEN0/XQ5tJ-MBfxI/AAAAAAAAC6k/p6v_FKDvtGQJjJYH0eR52WQXy4AgCJTHgCK4BGAYYCw/s180/aerospace_alliance_logo_for_blog-208x148.jpg",
    "NSFW": "UNLIKELY",
    "caption": "Aerospace Alliance",
    "id": 259049402,
    "similarity": "0.9662245512008667"
  },
  {
    "url": "http://images.slideplayer.com/13/4099006/slides/slide_21.jpg",
    "NSFW": "UNLIKELY",
    "caption": "Aerospace Education",
    "id": 297301231,
    "similarity": "0.9620495438575745"
  },
  {
    "url": "https://mir-s3-cdn-cf.behance.net/projects/202/05ff2d38808445.Y3JvcCwxMTQ5LDkwMCwxMzUsMA.jpg",
    "NSFW": "UNLIKELY",
    "caption": "The Age of Aerospace",
    "id": 198965456,
    "similarity": "0.9610326290130615"
  },
  {
    "url": "http://www.ninety-nines.org/userfiles/image/logo_ASED_sm.jpg",
    "NSFW": "UNLIKELY",
    "caption": "Aerospace Education",
    "id": 237687754,
    "similarity": "0.9610326290130615"
  },
  {
    "url": "https://www.lootaudio.com/_media/images/loot/UnEarthed%20Sampling/Images/spaceology-main.png",
    "NSFW": "UNLIKELY",
    "caption": "Spaceology",
    "id": 200132832,
    "similarity": "0.9571846127510071"
  },
  {
    "url": "http://image3.slideserve.com/6407619/aviation-technology-n.jpg",
    "NSFW": "UNLIKELY",
    "caption": "Aviation Technology",
    "id": 11040531,
    "similarity": "0.9541443586349487"
  },
  {
    "url": "https://www.trifibre.co.uk/wp-content/uploads/2015/11/aerospace-and-defence-500x383@2x.jpg",
    "NSFW": "UNLIKELY",
    "caption": "Aerospace and Defence",
    "id": 256953835,
    "similarity": "0.9532930850982666"
  },
  {
    "url": "http://www.tipicoedivino.it/public/componenti/620/f1/aviation.png",
    "NSFW": "UNLIKELY",
    "caption": "aviation",
    "id": 153431758,
    "similarity": "0.9532930850982666"
  },
  {
    "url": "http://www.austinmfg.com/images/aerospace-technology.jpg",
    "NSFW": "UNLIKELY",
    "caption": "aerospace technology",
    "id": 163071490,
    "similarity": "0.9532930850982666"
  },
  {
    "url": "https://is1-ssl.mzstatic.com/image/thumb/Purple118/v4/1d/03/24/1d0324f8-bd36-c351-11e5-6b8a37ef4d19/source/512x512bb.jpg",
    "NSFW": "UNLIKELY",
    "caption": "International Aerospace",
    "id": 82454093,
    "similarity": "0.9532930850982666"
  },
  {
    "url": "https://i0.wp.com/itsjustsoyou.com/wp-content/uploads/2020/01/space-and-science.jpg?resize=300%2C300&ssl=1",
    "NSFW": "UNSURE",
    "caption": "Space & Science",
    "id": 294160778,
    "similarity": "0.9525508880615234"
  },
  {
    "url": "https://static.wixstatic.com/media/0a02c7_948d16c22e9342848df05322fbe1c2a4~mv2.jpg/v1/fill/w_250,h_140,al_c,q_90/0a02c7_948d16c22e9342848df05322fbe1c2a4~mv2.jpg",
    "NSFW": "UNLIKELY",
    "caption": "spacepirate",
    "id": 64238377,
    "similarity": "0.9525508880615234"
  },
  {
    "url": "http://www.abpservices.in/wp-content/uploads/2018/06/Aerospace.png",
    "NSFW": "UNLIKELY",
    "caption": "Aerospace Recruitement",
    "id": 364883540,
    "similarity": "0.9525508880615234"
  },
  {
    "url": "http://www.creavey.com/wp-content/uploads/2016/04/market-sector-aerospace-and-defence-icon.jpg",
    "NSFW": "UNLIKELY",
    "caption": "Aerospace and Defence",
    "id": 283552804,
    "similarity": "0.9525508880615234"
  },
  {
    "url": "https://www.nes-ips.com/wp-content/uploads/2016/04/market-sector-aerospace-and-defence-icon.jpg",
    "NSFW": "UNLIKELY",
    "caption": "Aerospace and Defence",
    "id": 26343703,
    "similarity": "0.951827347278595"
  },
  {
    "url": "https://si.wsj.net/public/resources/images/BS-AA450_Aerosp_D_20130507113607.jpg",
    "NSFW": "UNLIKELY",
    "caption": "Aerospace & Defense",
    "id": 131240211,
    "similarity": "0.9514743089675903"
  },
  {
    "url": "https://i5.walmartimages.com/asr/0a801686-b6f5-44ba-accc-84efc089eb13_1.c577d36f42f9859ccbf1c93bd797a8ef.jpeg?odnWidth=200&amp;odnHeight=200&amp;odnBg=ffffff",
    "NSFW": "UNLIKELY",
    "caption": "Space Flights",
    "id": 139305947,
    "similarity": "0.9514743089675903"
  },
  {
    "url": "http://www.rogerswebsite.com/wp-content/uploads/2016/04/S_SPACEFLIGHT.png",
    "NSFW": "UNLIKELY",
    "caption": "S_SPACEFLIGHT",
    "id": 122488397,
    "similarity": "0.9493377208709717"
  },
  {
    "url": "http://cdn2.insidermonkey.com/blog/wp-content/uploads/2013/02/BE-Aerospace-Inc-160x160.jpg",
    "NSFW": "UNLIKELY",
    "caption": "BE Aerospace Inc",
    "id": 233245634,
    "similarity": "0.9493377208709717"
  },
  {
    "url": "http://i-cms.journaldesfemmes.com/image_cms/original/1231754.jpg",
    "NSFW": "UNLIKELY",
    "caption": "collection aerospace",
    "id": 285774727,
    "similarity": "0.9493377208709717"
  },
  {
    "url": "https://static.lalibrairie.com/cache/img/livres/858/9783833161858-xs.jpg",
    "NSFW": "UNLIKELY",
    "caption": "Aviation",
    "id": 39616824,
    "similarity": "0.9493377208709717"
  },
  {
    "url": "https://thumbs.slideserve.com/1_4294017.jpg",
    "NSFW": "UNLIKELY",
    "caption": "Aviation",
    "id": 234399787,
    "similarity": "0.9493377208709717"
  },
  {
    "url": "http://i2.wp.com/www.roadwayelectric.com/wp-content/uploads/2014/06/Aviation-1.jpg?fit=150%2C150",
    "NSFW": "UNLIKELY",
    "caption": "Aviation",
    "id": 380884710,
    "similarity": "0.9488263130187988"
  },
  {
    "url": "https://is5-ssl.mzstatic.com/image/thumb/Purple71/v4/e4/92/2c/e4922cfc-2053-9c9b-97a0-e8c683ea31a4/source/512x512bb.jpg",
    "NSFW": "UNLIKELY",
    "caption": "International Aerospace",
    "id": 94064904,
    "similarity": "0.9469659924507141"
  },
  {
    "url": "https://yellow.place/file/image/thumb/0/0/68/cvvejyfguovfdjxw.jpg",
    "NSFW": "UNLIKELY",
    "caption": "Aeroforce Technology",
    "id": 399858471,
    "similarity": "0.9468464851379395"
  },
  {
    "url": "https://www.morriscountyedc.org/wp-content/uploads/2017/04/Aerospace-v3.jpg",
    "NSFW": "UNLIKELY",
    "caption": "aerospace and defense",
    "id": 38796570,
    "similarity": "0.9468464851379395"
  },
  {
    "url": "http://www.gannonoils.co.uk/components/com_virtuemart/shop_image/category/resized/Aviation_4afec86214156_90x90.jpg",
    "NSFW": "UNLIKELY",
    "caption": "Aviation",
    "id": 33785079,
    "similarity": "0.9468464851379395"
  },
  {
    "url": "https://res.cloudinary.com/krish-grk/image/upload/v1585033750/vibromech/Aerospace_Defense.jpg",
    "NSFW": "UNLIKELY",
    "caption": "Aerospace & Defense",
    "id": 384191029,
    "similarity": "0.9468464851379395"
  },
  {
    "url": "https://theblogbyjavier.files.wordpress.com/2016/02/the-age-of-aerospace.png?w=273&h=163",
    "NSFW": "UNLIKELY",
    "caption": "The age of aerospace",
    "id": 164513525,
    "similarity": "0.9468464851379395"
  },
  {
    "url": "http://download.xbox.com/content/avatarmarketplace/9a/7e6fc450-0a3a-46ac-b50a-bfb2ef9c7d9a.png",
    "NSFW": "UNLIKELY",
    "caption": "Aviation",
    "id": 111879174,
    "similarity": "0.9441590309143066"
  },
  {
    "url": "https://tshop.r10s.jp/rakutenkobo-ebooks/cabinet/5617/2000004885617.jpg?fitin=200:300&composite-to=*,*%7C200:300",
    "NSFW": "UNLIKELY",
    "caption": "SpaceExploration",
    "id": 44328960,
    "similarity": "0.9437428116798401"
  },
  {
    "url": "https://4vector.com/thumb_data/afd-61174.jpg",
    "NSFW": "UNLIKELY",
    "caption": "Aircraft technology",
    "id": 222928757,
    "similarity": "0.9434098601341248"
  },
  {
    "url": "https://salessab.su/image/cache/f1caa89518d0fd5962f626f085bbe1d1.jpg",
    "NSFW": "UNLIKELY",
    "caption": "SpaceTechnology",
    "id": 228878747,
    "similarity": "0.9411811232566833"
  },
  {
    "url": "https://ge-mm-mro.s3.amazonaws.com/styles/800px_wide/s3/booths/images/2018/1/image__528.jpg?itok=xOGaUMnF",
    "NSFW": "UNLIKELY",
    "caption": "Team Aerospace, Inc.",
    "id": 160945440,
    "similarity": "0.9411811232566833"
  },
  {
    "url": "https://rlv.zcache.se/svc/getimage?id=34b4a23d-364f-4227-abdf-62421d80f40a&amp;max_dim=324&amp;square_it=true",
    "NSFW": "UNLIKELY",
    "caption": "Aviation",
    "id": 47185137,
    "similarity": "0.9411811232566833"
  },
  {
    "url": "https://d26horl2n8pviu.cloudfront.net/group_logo_images/images/000/021/106/medium/948fffe2.jpg?1435914953",
    "NSFW": "UNLIKELY",
    "caption": "Aviation and Aerospace",
    "id": 223914377,
    "similarity": "0.9407405257225037"
  },
  {
    "url": "https://thumbs.slideserve.com/1_28132.jpg",
    "NSFW": "UNLIKELY",
    "caption": "Aviation",
    "id": 42112186,
    "similarity": "0.9407405257225037"
  },
  {
    "url": "https://images.squarespace-cdn.com/content/59e00da91f318d21e6e73c45/1514955517101-E6RNZSX0DCZFR9D42T5U/Logo_Full.jpg?format=1500w&content-type=image%2Fjpeg",
    "NSFW": "UNLIKELY",
    "caption": "AerospaceSociety",
    "id": 199138935,
    "similarity": "0.9403515458106995"
  },
  {
    "url": "http://cache2.artprintimages.com/p/MED/89/8967/P23Q300Z/art-print/aviation-2.jpg",
    "NSFW": "UNLIKELY",
    "caption": "Aviation 2",
    "id": 348101399,
    "similarity": "0.939232349395752"
  },
  {
    "url": "https://www.theyoungvision.com/wp-content/uploads/2017/08/Aviation-1.jpg",
    "NSFW": "UNLIKELY",
    "caption": "Aviation",
    "id": 293499470,
    "similarity": "0.9385132193565369"
  },
  {
    "url": "https://www.embedded-france.org/wp-content/uploads/2013/08/Logo_Aerospace_Valley.jpg",
    "NSFW": "UNLIKELY",
    "caption": "Aerospace_Valley",
    "id": 324430850,
    "similarity": "0.937139630317688"
  },
  {
    "url": "https://images-eu.ssl-images-amazon.com/images/I/513PESD14AL.jpg",
    "NSFW": "UNLIKELY",
    "caption": "aviation",
    "id": 51604936,
    "similarity": "0.9358685612678528"
  },
  {
    "url": "http://thumbs.slideserve.com/1_2207777.jpg",
    "NSFW": "UNLIKELY",
    "caption": "Space Technology",
    "id": 62762631,
    "similarity": "0.9355360865592957"
  },
  {
    "url": "https://www.explorabox.org/wp-content/uploads/2011/06/Untitled-1-07.png",
    "NSFW": "UNLIKELY",
    "caption": "Space and Flight",
    "id": 215476355,
    "similarity": "0.9355068802833557"
  },
  {
    "url": "https://www.bigmarketresearch.com/categoryimages/Aerospace%20&%20Defense/o1IZjElB_aerospace-and-defence.jpg",
    "NSFW": "UNLIKELY",
    "caption": "Aerospace & Defense",
    "id": 318296883,
    "similarity": "0.9320864081382751"
  },
  {
    "url": "http://thumbs.slideserve.com/1_2235568.jpg",
    "NSFW": "UNLIKELY",
    "caption": "Space Technology",
    "id": 109130885,
    "similarity": "0.9315192699432373"
  },
  {
    "url": "http://www.fedex.com/images/emea/poc/shipping-services-aerospace-aviation-1400x400.jpg",
    "NSFW": "UNLIKELY",
    "caption": "Aerospace & Aviation",
    "id": 293484300,
    "similarity": "0.9271724224090576"
  },
  {
    "url": "https://theblogbyjavier.files.wordpress.com/2016/02/the-age-of-aerospace.png?w=273&#038;h=163",
    "NSFW": "UNLIKELY",
    "caption": "The age of aerospace",
    "id": 296357406,
    "similarity": "0.9269922375679016"
  },
  {
    "url": "http://1.bp.blogspot.com/-evpmC9AJLpI/XQ5rvVHjKWI/AAAAAAAAC6M/4YMtEijY9ysDVjjSHDZxcpYEqqCtwo-PQCK4BGAYYCw/s1600/aerospace_alliance_logo_for_blog-208x148.jpg",
    "NSFW": "UNLIKELY",
    "caption": "Aerospace Alliance",
    "id": 45946945,
    "similarity": "0.9259658455848694"
  },
  {
    "url": "https://i1.wp.com/wanderlustmarriage.com/wp-content/uploads/2016/07/Air-and-Space.jpg?resize=584%2C438",
    "NSFW": "UNLIKELY",
    "caption": "Air and Space",
    "id": 171023367,
    "similarity": "0.9254863262176514"
  },
  {
    "url": "https://rlv.zcache.es/svc/getimage?id=34b4a23d-364f-4227-abdf-62421d80f40a&max_dim=324&square_it=true",
    "NSFW": "UNLIKELY",
    "caption": "Aviation",
    "id": 137795673,
    "similarity": "0.925428569316864"
  },
  {
    "url": "https://redorg-cb89.kxcdn.com/media/com_jbusinessdirectory/pictures/jitem/65/sci_aero.jpg",
    "NSFW": "UNLIKELY",
    "caption": "Scientific Aerospace",
    "id": 187052928,
    "similarity": "0.925428569316864"
  },
  {
    "url": "http://3.bp.blogspot.com/-bf4L5peyDBY/TVMndCytX-I/AAAAAAAABNo/pbwYy9_wRxc/s340/157b1ea.png",
    "NSFW": "UNLIKELY",
    "caption": "Aerospace Professionals",
    "id": 214753829,
    "similarity": "0.925296425819397"
  },
  {
    "url": "http://freevector.co/wp-content/uploads/2012/10/aircraft-technology.png",
    "NSFW": "UNLIKELY",
    "caption": "Aircraft Technology",
    "id": 330904303,
    "similarity": "0.9252739548683167"
  },
  {
    "url": "https://ultra-aero.com/wp-content/uploads/2019/05/logo-ultra-aero.png",
    "NSFW": "UNLIKELY",
    "caption": "Ultra Aerospace",
    "id": 369362935,
    "similarity": "0.9251981973648071"
  },
  {
    "url": "http://1.bp.blogspot.com/-Mw_Poay3GK4/WTPhE8ps-XI/AAAAAAAACr4/zbKpUdGmn70-bg2R9ZMLZfoPRBRZBp4SACK4B/s180/aerospace_alliance_logo_for_blog-208x148.jpg",
    "NSFW": "UNLIKELY",
    "caption": "Aerospace Alliance",
    "id": 202920040,
    "similarity": "0.9248824119567871"
  },
  {
    "url": "https://www.inoxpar.com.br/wp-content/uploads/2018/08/img-clientes-04-1.jpg",
    "NSFW": "UNLIKELY",
    "caption": "Aeronautical Industry",
    "id": 384309997,
    "similarity": "0.9248824119567871"
  },
  {
    "url": "https://images.squarespace-cdn.com/content/56c78acd0442626b2590f5ea/1457920496500-HENA3SRTNQ98UUZUCPL0/ALF+Logo+2016+new+a+50.jpg?content-type=image%2Fjpeg",
    "NSFW": "UNLIKELY",
    "caption": "Aerospace Legacy Foundation",
    "id": 284898995,
    "similarity": "0.9240851402282715"
  },
  {
    "url": "https://www.sarix.com/wp-content/uploads/2015/05/Application_aerospace-400x160.jpg",
    "NSFW": "UNLIKELY",
    "caption": "Application_aerospace",
    "id": 118640618,
    "similarity": "0.9240851402282715"
  },
  {
    "url": "http://img.yumpu.com/51960733/1/358x507/2-aerospace-industrie.jpg",
    "NSFW": "UNLIKELY",
    "caption": "Aerospace Industrie",
    "id": 100949076,
    "similarity": "0.9237990975379944"
  },
  {
    "url": "http://static1.squarespace.com/static/56c78acd0442626b2590f5ea/t/56e619f0746fb91c91d88b7b/1511241558335/?format=1500w",
    "NSFW": "UNLIKELY",
    "caption": "Aerospace Legacy Foundation",
    "id": 207095572,
    "similarity": "0.9235301613807678"
  },
  {
    "url": "https://simkl.net/posters/44/4425576919e9f9bf8_ca.jpg",
    "NSFW": "UNLIKELY",
    "caption": "The Age of Aerospace",
    "id": 217095656,
    "similarity": "0.9229453802108765"
  },
  {
    "url": "https://www.rcedc.com/assets/images/rcedc_automotive-aerospace_icon_reg.png",
    "NSFW": "UNLIKELY",
    "caption": "automotive-aerospace Icon",
    "id": 308684404,
    "similarity": "0.9226586222648621"
  },
  {
    "url": "https://imgv2-1-f.scribdassets.com/img/document/37292317/149x198/fcc999fe42/1542706749?v=1",
    "NSFW": "UNLIKELY",
    "caption": "The A-B-C of Aviation",
    "id": 79195259,
    "similarity": "0.9226586222648621"
  },
  {
    "url": "https://imgv2-1-f.scribdassets.com/img/document/255383531/fit_to_size/149x198/1f95c3a31e/1486590504?v=1",
    "NSFW": "UNLIKELY",
    "caption": "aerospace evolution",
    "id": 364565503,
    "similarity": "0.9226418137550354"
  },
  {
    "url": "https://www.eurocel-tiptape.fr/wp-content/uploads/2018/10/aeronautic-industry.jpg",
    "NSFW": "UNLIKELY",
    "caption": "aeronautic-industry",
    "id": 348753449,
    "similarity": "0.922296404838562"
  },
  {
    "url": "http://lh5.ggpht.com/_ViJKBVHeG3U/S7C9XkAiutI/AAAAAAAAK0M/ZDnmxBLprDM/advancesinaeronautics_thumb%5B7%5D.jpg?imgmax=800",
    "NSFW": "UNLIKELY",
    "caption": "advancesinaeronautics",
    "id": 185663736,
    "similarity": "0.9221404194831848"
  },
  {
    "url": "http://2.bp.blogspot.com/-cYyR9Y9_jio/WTPfX6VFv9I/AAAAAAAACrg/ZuIrp2en3v418EmBvg-cblXGr7AKtAlHQCK4B/s180/aerospace_alliance_logo_for_blog-208x148.jpg",
    "NSFW": "UNLIKELY",
    "caption": "Aerospace Alliance",
    "id": 119207949,
    "similarity": "0.922080397605896"
  },
  {
    "url": "https://www.ncs.gov.in/content-repository/PublishingImages/thumb_21.jpg",
    "NSFW": "UNLIKELY",
    "caption": "Aerospace and Aviation",
    "id": 386853721,
    "similarity": "0.921791136264801"
  },
  {
    "url": "http://prosystema.ru/components/com_jshopping/files/img_manufs/ST.jpg",
    "NSFW": "UNLIKELY",
    "caption": "Space Technology",
    "id": 274924691,
    "similarity": "0.9217105507850647"
  },
  {
    "url": "http://www.imc-ma.com/images/IMC_Website_HomePageSliders_3.jpg",
    "NSFW": "UNLIKELY",
    "caption": "application_aerospace",
    "id": 129932596,
    "similarity": "0.921490490436554"
  },
  {
    "url": "http://d3pq22nr6xqtwc.cloudfront.net/t_9783833161858.jpg",
    "NSFW": "UNLIKELY",
    "caption": "Aviation",
    "id": 391251625,
    "similarity": "0.9203502535820007"
  },
  {
    "url": "https://oliver-dev.s3.amazonaws.com/thumbs/500x500/2d6e32d8-bbc7-4b78-95cf-acd47995c5e9.png",
    "NSFW": "UNLIKELY",
    "caption": "Aviation-Aerospace-Professional",
    "id": 179769032,
    "similarity": "0.9198554754257202"
  },
  {
    "url": "http://www.stageninja.com/wp-content/uploads/2016/05/aviation.jpg",
    "NSFW": "UNLIKELY",
    "caption": "aviation",
    "id": 137873621,
    "similarity": "0.9197145104408264"
  },
  {
    "url": "https://4.bp.blogspot.com/-Y2HfZ60digw/Wh4UYjJJKYI/AAAAAAAAA0E/10XIhNHNPig6EMCLOfw87tVEx04vYHWLgCK4BGAYYCw/s1600/banner.png",
    "NSFW": "UNLIKELY",
    "caption": "Flythru.Space",
    "id": 98511796,
    "similarity": "0.9197057485580444"
  },
  {
    "url": "http://img.yumpu.com/51960733/1/358x507/3-aerospace-industrie.jpg",
    "NSFW": "UNLIKELY",
    "caption": "Aerospace Industrie",
    "id": 188533795,
    "similarity": "0.9197046160697937"
  },
  {
    "url": "https://www.bevellingmachines.com/uploads/d2371128.jpg",
    "NSFW": "UNLIKELY",
    "caption": "Aerospace Industria",
    "id": 177529300,
    "similarity": "0.9197046160697937"
  },
  {
    "url": "https://pacificsafety.ca/wp-content/themes/pacificsafety/images/home-aviation.png",
    "NSFW": "UNLIKELY",
    "caption": "Aviation",
    "id": 340064645,
    "similarity": "0.9197046160697937"
  },
  {
    "url": "https://www.digitalengineering247.com/article/wp-content/uploads/2018/07/Aerospace-Defense-220x160.jpg",
    "NSFW": "UNLIKELY",
    "caption": "Aerospace and Defense",
    "id": 236471143,
    "similarity": "0.9197046160697937"
  },
  {
    "url": "https://kawoodgear.com/images/aerospace.png",
    "NSFW": "UNLIKELY",
    "caption": "Aerospace / Defense",
    "id": 385542781,
    "similarity": "0.9197046160697937"
  },
  {
    "url": "https://www.precisioneforming.com/wp-content/uploads/2018/08/Aerospace-Alliance.png",
    "NSFW": "UNLIKELY",
    "caption": "aerospace alliance image",
    "id": 122648552,
    "similarity": "0.9197046160697937"
  },
  {
    "url": "http://image1.slideserve.com/1588083/aerospace-aviation-defense-n.jpg",
    "NSFW": "UNLIKELY",
    "caption": "AEROSPACE, AVIATION & DEFENSE",
    "id": 225392128,
    "similarity": "0.9197046160697937"
  },
  {
    "url": "http://www.quotemaster.org/images/s_55/5541d26b597ff73d4b3fe7c40165f04b.jpg",
    "NSFW": "",
    "caption": "I don't know why I always liked aerospace ",
    "id": 204546103,
    "similarity": "0.9195537567138672"
  },
  {
    "url": "https://www.camset.ru/var/image_cache/61f1a5a41dc16484a6a1f58842b040b8_wi500_he500_tyin__files_flib_112.png_.png",
    "NSFW": "UNLIKELY",
    "caption": "Space Technology",
    "id": 221042434,
    "similarity": "0.9193770885467529"
  },
  {
    "url": "http://www.prosystema.ru/components/com_jshopping/files/img_manufs/ST.jpg",
    "NSFW": "UNLIKELY",
    "caption": "Space Technology",
    "id": 138067559,
    "similarity": "0.9193770885467529"
  },
  {
    "url": "http://www.blog.aapgsuez.net/wp-content/uploads/2020/08/Space-Technology.jpg",
    "NSFW": "UNLIKELY",
    "caption": "Space Technology",
    "id": 95247849,
    "similarity": "0.9193770885467529"
  },
  {
    "url": "https://cdn.shopify.com/s/files/1/0104/2510/6483/articles/RECIPE_Headers-21_AVIATION_400x.png?v=1578069849",
    "NSFW": "UNLIKELY",
    "caption": "Aviation",
    "id": 93167121,
    "similarity": "0.9193770885467529"
  },
  {
    "url": "https://thumbs.slideserve.com/1_5038954.jpg",
    "NSFW": "UNLIKELY",
    "caption": "Aerospace Education",
    "id": 252593972,
    "similarity": "0.9193770885467529"
  },
  {
    "url": "http://media.al.com/live/photo/aerospace-alliance-5e489d7ac826dcd9_large.jpg",
    "NSFW": "UNLIKELY",
    "caption": "Aerospace Alliance",
    "id": 209634965,
    "similarity": "0.9193770885467529"
  },
  {
    "url": "http://www.wawg.cap.gov/_/rsrc/1553060207401/home/WAWG-AE.jpg",
    "NSFW": "UNLIKELY",
    "caption": "Aerospace Education",
    "id": 93032735,
    "similarity": "0.9193770885467529"
  },
  {
    "url": "http://www.ninety-nines.org/userfiles/image/logo_ASED.jpg",
    "NSFW": "UNLIKELY",
    "caption": "Aerospace Education",
    "id": 202111948,
    "similarity": "0.9193770885467529"
  },
  {
    "url": "http://silverbulletinvaliditysearch.com/wp-content/uploads/2017/12/aerospace-defense-285x214.png",
    "NSFW": "UNLIKELY",
    "caption": "aerospace & defense",
    "id": 89021238,
    "similarity": "0.9193770885467529"
  },
  {
    "url": "http://thumbs.slideserve.com/1_4294017.jpg",
    "NSFW": "UNLIKELY",
    "caption": "Aviation",
    "id": 273275904,
    "similarity": "0.9193770885467529"
  },
  {
    "url": "https://transmagic.com/wp-content/uploads/2020/11/aerospace-customers2.png",
    "NSFW": "UNLIKELY",
    "caption": "Aerospace Customers",
    "id": 250607000,
    "similarity": "0.9193770885467529"
  },
  {
    "url": "http://blog.aapgsuez.net/wp-content/uploads/2020/08/Space-Technology.jpg",
    "NSFW": "UNLIKELY",
    "caption": "Space Technology",
    "id": 1187094,
    "similarity": "0.9193770885467529"
  },
  {
    "url": "http://0.s3.envato.com/files/44183808/SPACE.jpg",
    "NSFW": "UNLIKELY",
    "caption": "Space",
    "id": 208902809,
    "similarity": "0.9193770885467529"
  },
  {
    "url": "https://ge-mm-mro.s3.amazonaws.com/styles/800px_wide/s3/booths/images/55308/2018/verticalaerospace55308?itok=LlaGgYgl",
    "NSFW": "UNLIKELY",
    "caption": "Vertical Aerospace",
    "id": 193802938,
    "similarity": "0.9193770885467529"
  },
  {
    "url": "http://c.asstatic.com/images/134375_633670944551557500-180_135.jpg",
    "NSFW": "UNLIKELY",
    "caption": "Aviation",
    "id": 132366064,
    "similarity": "0.9193770885467529"
  },
  {
    "url": "https://logicsacademy.com/wp-content/uploads/2016/06/aerospace-topic.png",
    "NSFW": "UNLIKELY",
    "caption": "aerospace-topic",
    "id": 275625142,
    "similarity": "0.9193770885467529"
  },
  {
    "url": "http://www.embedded-france.org/wp-content/uploads/2013/08/Logo_Aerospace_Valley.jpg",
    "NSFW": "UNLIKELY",
    "caption": "Aerospace_Valley",
    "id": 214058523,
    "similarity": "0.9193770885467529"
  }
]