[
  {
    "url": "https://images.vexels.com/media/users/3/178412/list/7253d19c7b0b1f859d7c9b89b5c01520-sushi-packaging-mockup.jpg",
    "NSFW": "UNLIKELY",
    "caption": "Sushi packaging mockup",
    "id": 232573658,
    "similarity": "0.30297502875328064"
  },
  {
    "url": "http://t0.gstatic.com/images?q=tbn:ANd9GcTvY0jBZg4t-u4wsh982xHDo-rev5rW9O9l38Hdh7aA93t8TffW",
    "NSFW": "UNLIKELY",
    "caption": "Meme Fat Chinese Kid - a famous chinese fat boy youtube",
    "id": 369275207,
    "similarity": "0.300449401140213"
  },
  {
    "url": "https://pics.ballmemes.com/japans-first-lady-avoids-talking-to-trump-by-pretending-not-43010763.png",
    "NSFW": "NSFW",
    "caption": "Anaconda, Dank, and Memes: Japan's First Lady Avoids Talking to Trump By  Pretending Not to Know English For 2 Hours  SNEAK 100 I dunnot speake da Engrish by sobbidobbi72dar MORE MEMES",
    "id": 386828064,
    "similarity": "0.2935777008533478"
  },
  {
    "url": "https://s22908.pcdn.co/wp-content/uploads/2016/09/get-expressvpn-6.jpg",
    "NSFW": "NSFW",
    "caption": "Get the latest ExpressVPN for Mac app",
    "id": 290482848,
    "similarity": "0.2931184470653534"
  },
  {
    "url": "https://i.pinimg.com/236x/e6/92/c5/e692c5e4ac532e1ea9cb0dead23fb67d--traditional-japanese-japanese-style.jpg",
    "NSFW": "UNLIKELY",
    "caption": "Japan doing strange Fruits since ... ever XD",
    "id": 254142017,
    "similarity": "0.2929256558418274"
  },
  {
    "url": "https://i.chzbgr.com/full/5303835136/hD3EA39F5/",
    "NSFW": "UNLIKELY",
    "caption": "balance,Inception,scale,weight,yo dawg",
    "id": 53690991,
    "similarity": "0.2929256558418274"
  },
  {
    "url": "https://ai2-s2-public.s3.amazonaws.com/figures/2017-08-08/8125246e3906d8dd9f7c72aada6dff362e859f06/3-Figure5-1.png",
    "NSFW": "NSFW",
    "caption": "Figure 5. CAD models of human body in sitting position",
    "id": 232479830,
    "similarity": "0.292565256357193"
  },
  {
    "url": "https://pics.ballmemes.com/dear-lads-please-try-to-pee-inside-the-toilet-not-54391360.png",
    "NSFW": "NSFW",
    "caption": "Dank, 🤖, and Com: Dear Lads  Please try to pee İNSİDE the  toilet, not on or next to it.  It will be much  appreciated!  トイレをきれいに使って頂きありがとう  ございます.  Please urinate with precision and elegance.  imgflip.com",
    "id": 82026536,
    "similarity": "0.2918292284011841"
  },
  {
    "url": "http://www.pmslweb.com/the-blog/wp-content/uploads/2017/11/18-when-you-need-to-defeat-the-Asian-tourists-final-boss-funny-meme.jpg",
    "NSFW": "UNLIKELY",
    "caption": "When you need to defeat the Aisan tourists final boss funny meme @PMSLweb.com",
    "id": 310197167,
    "similarity": "0.2918292284011841"
  },
  {
    "url": "http://image.slideserve.com/112261/what-china-can-learn-from-japan-s-economy-pain-l.jpg",
    "NSFW": "NSFW",
    "caption": "What China can learn from Japan's economy pain?",
    "id": 76696010,
    "similarity": "0.29181909561157227"
  },
  {
    "url": "https://soranews24.com/wp-content/uploads/sites/3/2020/04/top-1.jpg?w=640",
    "NSFW": "UNLIKELY",
    "caption": "Station in Tokyo starting to look like a futuristic dystopia a little too early",
    "id": 224719349,
    "similarity": "0.29181909561157227"
  },
  {
    "url": "https://images7.memedroid.com/images/UPLOADED984/5e4fd3bbb4fc5.jpeg",
    "NSFW": "NSFW",
    "caption": "acupuncture in different cultures - meme",
    "id": 112246869,
    "similarity": "0.29156550765037537"
  },
  {
    "url": "https://thumb1.shutterstock.com/image-photo/redirected-150nw-1099664006.jpg",
    "NSFW": "UNLIKELY",
    "caption": "elderly care robot in the... | Shutterstock . vector #1099664006",
    "id": 203260207,
    "similarity": "0.2913382649421692"
  },
  {
    "url": "https://shinkanryu.org/wp-content/uploads/2018/09/Sword-and-striking-monouchi-500x383.jpg",
    "NSFW": "UNLIKELY",
    "caption": "Striking with the Katana: What is the Monouchi?",
    "id": 392725813,
    "similarity": "0.2912183105945587"
  },
  {
    "url": "https://i.ytimg.com/vi/NJCZp3saJiY/sddefault.jpg",
    "NSFW": "NSFW",
    "caption": "Japanese Live Analysis #1 - I have a question about my wife",
    "id": 17778653,
    "similarity": "0.2910243272781372"
  },
  {
    "url": "https://gordanladdskitchen.com/wp-content/uploads/2017/06/best-japanese-rice-cooker.jpg",
    "NSFW": "UNSURE",
    "caption": "best-japanese-rice-cooker",
    "id": 53373742,
    "similarity": "0.2908828854560852"
  },
  {
    "url": "https://i.imgflip.com/3yche8.jpg",
    "NSFW": "UNLIKELY",
    "caption": "Panik Kalm Panik Meme |  Asian man starts coughing; You have a breathing mask on; Its made in china | image tagged in memes,panik kalm panik | made w/ Imgflip meme maker",
    "id": 161329466,
    "similarity": "0.2907876968383789"
  },
  {
    "url": "https://cdn.abclocal.go.com/content/kgo/images/cms/206777_1280x720.jpg",
    "NSFW": "UNSURE",
    "caption": "A mall in China that has ten pink parking spots reserved for women only.",
    "id": 29509150,
    "similarity": "0.2900858223438263"
  },
  {
    "url": "https://images7.memedroid.com/images/UPLOADED868/5be9d3684fb11.jpeg",
    "NSFW": "NSFW",
    "caption": "Japs are.... unique - meme",
    "id": 406931881,
    "similarity": "0.2900858223438263"
  },
  {
    "url": "http://d13vxi6lnniq.cloudfront.net/Image_1557724234.jpg",
    "NSFW": "NSFW",
    "caption": "Genuflecting to  Zhongnanhai? What's the Vatican's  secret deal with China?",
    "id": 316141343,
    "similarity": "0.28961965441703796"
  },
  {
    "url": "https://pics.me.me/thumb_wikipedia-a-pufferfishs-poison-paralyses-musles-while-the-victim-stays-47362321.png",
    "NSFW": "NSFW",
    "caption": "\"Shit, Wikipedia, and Japanese: Wikipedia:  A pufferfish's poison paralyses  musles while the victim stays  fully conscious, but is unable to  breath and dies.\"\"  Japanese chefs:  This is some serious gourmet shit\"",
    "id": 268674847,
    "similarity": "0.2894490957260132"
  },
  {
    "url": "https://pics.esmemes.com/when-you-open-porn-in-the-middle-of-the-night-46667773.png",
    "NSFW": "NSFW",
    "caption": "Now All Of China Knows Youre Here: When you open porn in the middle  of the night but you forgot to turn  down the volume  NOW ALL OF CHINA KNOW'S YOU'RE HERE",
    "id": 37301397,
    "similarity": "0.2893866300582886"
  },
  {
    "url": "http://i0.wp.com/www.strangethingsart.com/wp-content/uploads/2019/09/feat-2.png?resize=310%2C165",
    "NSFW": "UNLIKELY",
    "caption": "juicy watermelon king",
    "id": 127171623,
    "similarity": "0.2882150411605835"
  },
  {
    "url": "https://i.pinimg.com/236x/59/fb/3f/59fb3fbfe7d35e208c146c5ea840934b.jpg",
    "NSFW": "UNSURE",
    "caption": "Wanna make fashion design sketches? Wonder how fashion designer sketches are made? Join this free online course that helps you with fashion illustration or fashion sketching and dressmaking. Even if you don't know how to draw fashion sketches. Fashion Drawing Tutorial, Fashion Figure Drawing, Fashion Drawing Dresses, Fashion Illustration Dresses, Drawing Fashion, Fashion Illustration Tutorial, Fashion Painting, Fashion Design Illustrations, Figure Drawing Tutorial",
    "id": 320612031,
    "similarity": "0.2882150411605835"
  },
  {
    "url": "https://i.chzbgr.com/full/9194456064/h443AAD68/yuri-gagarin-didnt-drink-didnt-smoke-and-trained-all-his-life-order-spend-108-minutes-outside-usssr",
    "NSFW": "UNLIKELY",
    "caption": "Helmet - Yuri Gagarin didn't drink, didn't smoke and trained all his life in order to spend 108 minutes outside the USSSR.",
    "id": 156054582,
    "similarity": "0.2879140377044678"
  },
  {
    "url": "https://cna-sg-res.cloudinary.com/image/upload/q_auto,f_auto/image/11627110/16x9/991/557/d5be84c474e607770a8ed709abf6c9d1/Io/hong-kong-google-translate.png",
    "NSFW": "UNLIKELY",
    "caption": "Hong Kongers alarmed by Google translation gaffe - CNA",
    "id": 376754890,
    "similarity": "0.2879027724266052"
  },
  {
    "url": "https://pics.me.me/thumb_when-you-havent-told-anyone-in-5-minutes-you-are-27576367.png",
    "NSFW": "UNSURE",
    "caption": "Memes, Lost, and 🤖: When you haven't told anyone  in 5 minutes you are  the Immortal Iron Fist,  Protector of K'un L'un  CREADO P  LLA RA OCVA I lost it when I noticed it was Jessica sitting next to him. (Robert Gabel Jr)",
    "id": 30328362,
    "similarity": "0.28638049960136414"
  },
  {
    "url": "https://static.rfstat.com/bloggers_folders/user_2591565/my_media/funny_youtube_comments/718a5545-f2ec-4c99-b5ed-032f6e2fa06f.png",
    "NSFW": "NSFW",
    "caption": "First Funny YouTube Comments",
    "id": 39087375,
    "similarity": "0.2859356701374054"
  },
  {
    "url": "http://country-balls.com/wp-content/uploads/2015/01/country-balls-the-cold-war-300x156.png",
    "NSFW": "UNLIKELY",
    "caption": "The Cold War",
    "id": 283682290,
    "similarity": "0.2858390212059021"
  },
  {
    "url": "https://images1.epochhk.com/pictures/168754/%E9%83%AD%E6%96%87%E8%B2%B49%E6%9C%888%E6%97%A5%E6%AD%A3%E5%BC%8F%E5%AE%A3%E4%BD%88%E6%8E%A8%E5%87%BA%E5%8F%8D%E5%85%B1%E8%8B%B1%E6%96%87%E5%96%AE%E6%9B%B2_%E6%B6%88%E6%BB%85%E5%85%B1%E7%94%A2%E9%BB%A8__Take_Down_the_CCP__%E7%B6%B2%E7%B5%A1%E6%88%AA%E5%9C%96_@900x600.png",
    "NSFW": "UNSURE",
    "caption": "「滅共神曲」Take Down the CCP 成 iTunes全球下載冠軍",
    "id": 110615705,
    "similarity": "0.28523772954940796"
  },
  {
    "url": "https://pics.astrologymemes.com/snoop-dogg-sushi-king-72137920.png",
    "NSFW": "NSFW",
    "caption": "snoop dogg: Snoop dogg sushi king",
    "id": 194593803,
    "similarity": "0.28477931022644043"
  },
  {
    "url": "https://images.pond5.com/italian-musician-paolo-tofani-beating-footage-070414713_iconm.jpeg",
    "NSFW": "UNLIKELY",
    "caption": "Italian musician Paolo Tofani beating a giant drum Stock Footage",
    "id": 21918403,
    "similarity": "0.28474441170692444"
  },
  {
    "url": "https://pics.awwmemes.com/when-you-opened-your-math-exam-paper-and-the-asian-46809291.png",
    "NSFW": "UNLIKELY",
    "caption": "\"Asian, Club, and Tumblr: When you opened your math  exam paper and the asian kid  next to you silently says \"\"fuck\"\"  31  This will be the end of Wakanda laughoutloud-club:  Or as they say in China: ???\"",
    "id": 258527828,
    "similarity": "0.2845032215118408"
  },
  {
    "url": "https://static.boredpanda.com/blog/wp-content/uploads/2020/09/guy-tries-correcting-grandma-on-her-japanese-fb.png",
    "NSFW": "UNLIKELY",
    "caption": "\"\"\"Too Goddamn Stupid For His Own Good\"\": Guy Corrects Elderly Woman's Japanese Grammar, Turns Out She's Japanese - bored panda\"",
    "id": 296394698,
    "similarity": "0.2844589054584503"
  },
  {
    "url": "https://i.imgflip.com/49yxib.jpg",
    "NSFW": "NSFW",
    "caption": "djapaniz (stonks variation) | image tagged in japanese,japan,weeaboo,weebs,weeb,stonks | made w/ Imgflip meme maker",
    "id": 222505349,
    "similarity": "0.2843506336212158"
  },
  {
    "url": "http://img.memecdn.com/on-that-day-wallet-kind-received-a-grim-reminder_c_1825477.jpg",
    "NSFW": "UNLIKELY",
    "caption": "On That Day Wallet-Kind Received A Grim Reminder",
    "id": 83067875,
    "similarity": "0.284172385931015"
  },
  {
    "url": "https://18-21.ru/newsimg002/aHR0cHM6Ly93d3cuaXhidC5jb20vaW1nLy94NzgwL24xL25ld3MvMjAyMC8xMC82L0dpZ2FieXRlLVJUWC0zMDYwLVRpLUFPUlVTLU1BU1RFUi01X3ZpZGVvY2FyZHpfbGFyZ2UuanBn",
    "NSFW": "NSFW",
    "caption": "Аналога этой карте у AMD пока нет. Первая распаковка разных GeForce RTX 3060 Ti на видео",
    "id": 75270666,
    "similarity": "0.2839028835296631"
  },
  {
    "url": "https://pics.esmemes.com/when-you-defeat-all-the-asian-tourists-and-need-to-44064845.png",
    "NSFW": "UNLIKELY",
    "caption": "Feels Bad: When you defeat all the Asian tourists  and need to fight the final boss  ar *Cue boss music* by Feels_Bad_Man19 MORE MEMES",
    "id": 199961424,
    "similarity": "0.2839028835296631"
  },
  {
    "url": "https://pics.esmemes.com/hiroshima-japan-august-6th-1945-this-image-truly-captures-the-61199229.png",
    "NSFW": "NSFW",
    "caption": "Image, Japan, and Race: Hiroshima, Japan. August 6th, 1945.  This image truly captures the  pointless brutality of the human race. https://t.co/QjnwBcJwZF",
    "id": 400986638,
    "similarity": "0.2835450768470764"
  },
  {
    "url": "http://img.spintoband.com/nimg/d5/3a/05bd841f2062f8f21b360205b97f-150x150-0/full_hd_lg_screen_outdoor_digital_signage_windows_os_waterproof_ip65_for_bus_station.jpg",
    "NSFW": "UNLIKELY",
    "caption": "Wholesale Full HD LG Screen Outdoor Digital Signage Windows OS Waterproof IP65 For Bus Station from china suppliers",
    "id": 386986164,
    "similarity": "0.28353941440582275"
  },
  {
    "url": "https://calvinayre.com/uploads/2017/02/sands-china-cfo-quits-4-months-report.jpg",
    "NSFW": "NSFW",
    "caption": "Sands China CFO quits after 4 months: report",
    "id": 68626349,
    "similarity": "0.2834002375602722"
  },
  {
    "url": "https://media.metrolatam.com/2018/09/28/hackzuckerberg-03a3360ec925a1ce9e6bcccbf3878e6b.jpg",
    "NSFW": "UNLIKELY",
    "caption": "Mark Zuckerberg",
    "id": 64165465,
    "similarity": "0.2833310067653656"
  },
  {
    "url": "https://pics.esmemes.com/when-you-open-porn-in-the-middle-of-the-night-48712628.png",
    "NSFW": "NSFW",
    "caption": "Now All Of China Knows Youre Here: When you open porn in the middle  of the night but you forgot to turn  down the volume  NOW ALL OF CHINA KNOW'S YOU'RE HERE",
    "id": 372602145,
    "similarity": "0.2833019495010376"
  },
  {
    "url": "https://i.chzbgr.com/full/9296357376/h58F31C98/text-usa-we-dont-want-any-part-in-this-war-japan-bombs-pearl-harbor-usa-cowabunga-it-is",
    "NSFW": "NSFW",
    "caption": "Text - USA: We don't want any part in this war Japan: *bombs Pearl Harbor* USA: COWABUNGA IT IS",
    "id": 216766827,
    "similarity": "0.28320616483688354"
  },
  {
    "url": "https://pics.esmemes.com/when-you-open-porn-in-the-middle-of-the-night-46667773.png",
    "NSFW": "NSFW",
    "caption": "Now All Of China Knows: When you open porn in the middle  of the night but you forgot to turn  down the volume  NOW ALL OF CHINA KNOW'S YOU'RE HERE",
    "id": 306290554,
    "similarity": "0.2830374538898468"
  },
  {
    "url": "https://i.imgflip.com/3wrouc.jpg",
    "NSFW": "NSFW",
    "caption": "heartbeat rate |  HEARTBEAT WHEN YOU CAN'T UNDERSTAND WHAT THIS SAYS | image tagged in heartbeat rate | made w/ Imgflip meme maker",
    "id": 155999874,
    "similarity": "0.28280001878738403"
  },
  {
    "url": "https://res.dianjinwa.com/image/d/file/p/20190810/024517_40327489.jpg",
    "NSFW": "UNLIKELY",
    "caption": "Have you ever seen a black flame? Approaching alcohol with saline water, this picture is magical like a movie special effect.",
    "id": 48118191,
    "similarity": "0.28260666131973267"
  },
  {
    "url": "https://static.boredpanda.com/blog/wp-content/uploads/2017/02/funny-haircuts-say-no-more-barber-67-58aea6c8031f8__605.jpg",
    "NSFW": "UNLIKELY",
    "caption": "Say No More Haircut",
    "id": 130974311,
    "similarity": "0.2823876142501831"
  },
  {
    "url": "https://guardianlv.com/wp-content/uploads/2014/09/Kim-Jong-uns-Cheese-Addiction-Caused-Recent-Mysterious-Absence.jpg",
    "NSFW": "UNLIKELY",
    "caption": "Kim Jong-un's Cheese Addiction Caused Recent Mysterious Absence?",
    "id": 119261496,
    "similarity": "0.28229019045829773"
  },
  {
    "url": "https://64.media.tumblr.com/tumblr_m3cckjAcqr1rq1pj8o1_500.jpg",
    "NSFW": "UNLIKELY",
    "caption": "ragecomics4you:  Make a battery! http://ragecomics4you.tumblr.com",
    "id": 18277795,
    "similarity": "0.28226611018180847"
  },
  {
    "url": "http://machsakai.com/wp-content/uploads/2016/04/th_Mosin-Nagant1920.jpg",
    "NSFW": "UNLIKELY",
    "caption": "th_Mosin-Nagant1920",
    "id": 185190986,
    "similarity": "0.2820543050765991"
  },
  {
    "url": "https://cdn.xxl.thumbs.canstockphoto.com/canstock1995345.jpg",
    "NSFW": "UNLIKELY",
    "caption": "Piece of Bread and Cheese - Time Lapse - Canon HV30 HD 16:9...",
    "id": 380375774,
    "similarity": "0.28204306960105896"
  },
  {
    "url": "https://pics.conservativememes.com/food-is-cold-microwave-goes-mmmmm-food-the-song-has-67459571.png",
    "NSFW": "UNSURE",
    "caption": "song: food: *is cold*  microwave: *goes mmMMM*  food:  The song has restored  my strength. Lugia goes mmM",
    "id": 127791041,
    "similarity": "0.28198856115341187"
  },
  {
    "url": "https://i.pinimg.com/236x/52/66/aa/5266aa85ba48b7ca4b129ff91392b33b.jpg",
    "NSFW": "UNLIKELY",
    "caption": "Top 10 Amazing DIY Cardboard Organizer Top 10 Amazing DIY Cardboard Organizer The post Top 10 Amazing DIY Cardboard Organizer appeared first on Craft Ideas. Diy Home Crafts, Diy Arts And Crafts, Creative Crafts, Fun Crafts, Cardboard Crafts, Paper Crafts, Cardboard Organizer, Diy Organizer, Diy Storage With Cardboard Boxes",
    "id": 221544692,
    "similarity": "0.2819395661354065"
  },
  {
    "url": "http://image.cns.com.cn/ecns_editor/transform/20200122/YWUY-fzsuekx2201516.jpg",
    "NSFW": "UNLIKELY",
    "caption": "Viral 'Tom and Jerry' Twitter video echoes joke from Chinese New Year gala six years ago",
    "id": 275089542,
    "similarity": "0.28189313411712646"
  },
  {
    "url": "https://images3.memedroid.com/images/UPLOADED356/5ac1883b518e0.jpeg",
    "NSFW": "UNLIKELY",
    "caption": "Guerra do ultramar 1961-1974 - meme",
    "id": 96668502,
    "similarity": "0.28186893463134766"
  },
  {
    "url": "https://i.imgur.com/ZU6xMIM.png",
    "NSFW": "NSFW",
    "caption": "The Average New User in /fit/",
    "id": 402459140,
    "similarity": "0.28164464235305786"
  },
  {
    "url": "https://pics.awwmemes.com/this-is-fact-by-impunto-more-memes-72580341.png",
    "NSFW": "UNLIKELY",
    "caption": "fact: This is fact by impunto MORE MEMES",
    "id": 264839544,
    "similarity": "0.28155291080474854"
  },
  {
    "url": "https://guntherandkara.files.wordpress.com/2018/06/japanesetrains.jpg?w=898&h=900",
    "NSFW": "NSFW",
    "caption": "JapaneseTrains",
    "id": 59698030,
    "similarity": "0.2812817692756653"
  },
  {
    "url": "https://4.bp.blogspot.com/-gs1wig49Oug/T5Kkap8y9NI/AAAAAAAAnfY/bAFZxbOAZ1Y/s1600/images.jpg",
    "NSFW": "UNLIKELY",
    "caption": "A frog playing a game on a smart phone",
    "id": 324614302,
    "similarity": "0.2811838984489441"
  },
  {
    "url": "https://pics.esmemes.com/when-you-open-porn-in-the-middle-of-the-night-48712628.png",
    "NSFW": "NSFW",
    "caption": "Now All Of China Knows: When you open porn in the middle  of the night but you forgot to turn  down the volume  NOW ALL OF CHINA KNOW'S YOU'RE HERE",
    "id": 237909636,
    "similarity": "0.28086233139038086"
  },
  {
    "url": "https://vignette2.wikia.nocookie.net/southpark/images/e/ed/77736-south-park-rally-windows-screenshot-saddam-hussein.jpg/revision/latest/scale-to-width-down/640?cb=20150928234115",
    "NSFW": "UNLIKELY",
    "caption": "File:77736-south-park-rally-windows-screenshot-saddam-hussein.jpg",
    "id": 307523434,
    "similarity": "0.2808614671230316"
  },
  {
    "url": "http://manchesterhistorian.com/wp-content/uploads/2014/11/Kim-Jong-Un-317x210.png",
    "NSFW": "UNLIKELY",
    "caption": "Let Kim Eat (Cheese) Cake. Courtesy of Daily Mirror, 17 September 2014",
    "id": 207471469,
    "similarity": "0.2808588147163391"
  },
  {
    "url": "https://pics.me.me/thumb_when-your-out-in-the-rice-fields-and-the-sky-42201056.png",
    "NSFW": "UNLIKELY",
    "caption": "laughoutloud-club:  With Gump on the M60: When your out in the rice fields  and the sky starts singing  fortunate son laughoutloud-club:  With Gump on the M60",
    "id": 183429533,
    "similarity": "0.2805643081665039"
  },
  {
    "url": "https://i.pinimg.com/236x/59/fb/3f/59fb3fbfe7d35e208c146c5ea840934b.jpg",
    "NSFW": "UNSURE",
    "caption": "Wanna make fashion design sketches? Wonder how fashion designer sketches are made? Join this free online course that helps you with fashion illustration or fashion sketching and dressmaking. Even if you don't know how to draw fashion sketches. Fashion Drawing Tutorial, Fashion Figure Drawing, Fashion Drawing Dresses, Fashion Illustration Dresses, Drawing Fashion, Fashion Illustration Template, Fashion Painting, Fashion Design Illustrations, Fashion Dresses",
    "id": 344984764,
    "similarity": "0.2804053723812103"
  },
  {
    "url": "https://pics.onsizzle.com/how-europe-saw-japan-before-and-after-the-russo-japanese-70512583.png",
    "NSFW": "UNSURE",
    "caption": "Japanese: How Europe saw Japan before and after the Russo Japanese War meme",
    "id": 108512966,
    "similarity": "0.2801932096481323"
  },
  {
    "url": "https://pics.me.me/thumb_looks-like-that-windows-xp-tab-error-mag501-kengarex-chinese-14811208.png",
    "NSFW": "UNLIKELY",
    "caption": "Memes, Windows, and Chinese: looks like that windows xp tab error  MAG501  @kengarex  Chinese military parade... fr 😂",
    "id": 119703835,
    "similarity": "0.28013336658477783"
  },
  {
    "url": "https://www.wikihow.com/images/thumb/1/16/Set-Up-a-Wacom-Tablet-Step-2.jpg/aid2000785-v4-728px-Set-Up-a-Wacom-Tablet-Step-2.jpg",
    "NSFW": "NSFW",
    "caption": "How to Set Up a Wacom Tablet: 10 Steps (with Pictures) - wikiHow",
    "id": 14002253,
    "similarity": "0.27994295954704285"
  },
  {
    "url": "https://www.japanbullet.com/images/2019/04/5140314205cc05acabc18d7.94472365.jpg",
    "NSFW": "NSFW",
    "caption": "Hakuho reprimanded for hand-clapping cheer",
    "id": 224215409,
    "similarity": "0.27990689873695374"
  },
  {
    "url": "http://slideplayer.com/slide/9513296/30/images/10/Music%20The%20Japanese%20adopted%20a%20Chinese%20form%20of%20music%20called%20gagaku%20as%20well%20as%20such%20Chinese%20instruments%20as%20the%20sheng%20(Japanese:%20sho).jpg",
    "NSFW": "UNLIKELY",
    "caption": "asian music influence",
    "id": 343072036,
    "similarity": "0.279895156621933"
  },
  {
    "url": "https://livedoor.blogimg.jp/drazuli/imgs/8/1/81f90b04-s.png",
    "NSFW": "NSFW",
    "caption": "what-japan-consists-of",
    "id": 151182650,
    "similarity": "0.27959078550338745"
  },
  {
    "url": "https://images.bhabhiporn.pro/pictures/52/602-appreciation.jpg",
    "NSFW": "UNSURE",
    "caption": "Desi indian homemade well-pleased anal broad in the beam  sex gewgaw appreciation fingering showing gaand ched",
    "id": 210116927,
    "similarity": "0.2785394489765167"
  },
  {
    "url": "https://thisinterestsme.com/wp-content/uploads/2017/11/amd-laughing-stock.jpg?x41610",
    "NSFW": "UNLIKELY",
    "caption": "AMD laughing stock",
    "id": 282685203,
    "similarity": "0.27850809693336487"
  },
  {
    "url": "http://images5.aplus.com/uc-up/f40ea4d1-6c57-49af-963f-cdeb88038d63/f40ea4d1-6c57-49af-963f-cdeb88038d63.format_jpeg.crop_833x437_11,0.resize_1200x630.format_jpeg.resize_610x.inline_yes.jpg",
    "NSFW": "NSFW",
    "caption": "See Why The Internet Has Fallen In Love With This 'History Of Japan' YouTube Video",
    "id": 29070430,
    "similarity": "0.2783740758895874"
  },
  {
    "url": "https://piximus.net/media/31790/this-is-what-it-takes-to-become-a-sumo-wrestler-6.jpg",
    "NSFW": "UNLIKELY",
    "caption": "This Is What it Takes To Become A Sumo Wrestler",
    "id": 383873406,
    "similarity": "0.27820155024528503"
  },
  {
    "url": "https://www.8asians.com/wp-content/uploads/2012/02/Japanese-Venn-thumb-560x389.jpg",
    "NSFW": "UNSURE",
    "caption": "Japanese Venn thumb 560x389 What LA Thinks Japanese Food Is Vs. What Japanese Really Eat",
    "id": 228019872,
    "similarity": "0.27817046642303467"
  },
  {
    "url": "https://pics.ballmemes.com/a-japanese-hotel-fires-half-its-robot-staff-for-being-42161677.png",
    "NSFW": "NSFW",
    "caption": "Bad, Club, and Tumblr: A Japanese hotel fires  half its robot staff for  being bad at their jobs  Digital Trends laughoutloud-club:  Man Japan is a great place",
    "id": 343090044,
    "similarity": "0.27816322445869446"
  },
  {
    "url": "https://torg.spb.ru/imgd/aHR0cHM6Ly93d3cuaXhidC5jb20vaW1nLy94NzgwL24xL25ld3MvMjAyMC8xMC82L0dpZ2FieXRlLVJUWC0zMDYwLVRpLUFPUlVTLU1BU1RFUi01X3ZpZGVvY2FyZHpfbGFyZ2UuanBn",
    "NSFW": "NSFW",
    "caption": "Аналога этой карте у AMD пока нет. Первая распаковка разных GeForce RTX 3060 Ti на видео",
    "id": 9340271,
    "similarity": "0.2780996561050415"
  },
  {
    "url": "https://i.chzbgr.com/full/9338992128/h489335EE/head-ah-yes-enslaved-flower-sperm",
    "NSFW": "NSFW",
    "caption": "Head - Ah, yes enslaved flower sperm",
    "id": 244989601,
    "similarity": "0.2779785692691803"
  },
  {
    "url": "https://i0.wp.com/www.guidetojapanese.org/learn/wp-content/uploads/2017/10/1234.png?w=525",
    "NSFW": "NSFW",
    "caption": "Why Japanese People??",
    "id": 368616395,
    "similarity": "0.2779087424278259"
  },
  {
    "url": "https://pics.esmemes.com/japan-successfully-tests-flying-car-which-hovers-steadily-for-a-61198627.png",
    "NSFW": "NSFW",
    "caption": "Cars, Driving, and Star Wars: Japan successfully tests  flying car which hovers  steadily for a minute  The Japanese government aims to have people driving  flying cars by the 2030s.",
    "id": 273070111,
    "similarity": "0.2778804302215576"
  },
  {
    "url": "https://www.gizmogo.com/blog/wp-content/uploads/2020/07/SamsungoriphoneEmojiComparison.jpg",
    "NSFW": "UNSURE",
    "caption": "Samsung vs Apple Emojis",
    "id": 302027815,
    "similarity": "0.27787306904792786"
  },
  {
    "url": "https://i.ytimg.com/vi/PmYcPPRy8xI/0.jpg",
    "NSFW": "UNLIKELY",
    "caption": "Enping Rice Noodle 恩平市肠粉 2014",
    "id": 336170552,
    "similarity": "0.27786561846733093"
  },
  {
    "url": "https://i.chzbgr.com/full/9071363328/h492CD493/",
    "NSFW": "NSFW",
    "caption": "kim jong-un who would win North Korea - 9071363328",
    "id": 304760332,
    "similarity": "0.2777661681175232"
  },
  {
    "url": "http://www.videami.com/wp-content/uploads/2015/02/la-juventus-augura-buon-anno-del-960x540.jpg",
    "NSFW": "UNLIKELY",
    "caption": "\"La Juventus augura \"\"Buon Anno della Capra\"\" ai tifosi cinesi – Happy New Year to our Chinese fans\"",
    "id": 340995587,
    "similarity": "0.2777453064918518"
  },
  {
    "url": "https://image.slideserve.com/112261/what-china-can-learn-from-japan-s-economy-pain-l.jpg",
    "NSFW": "NSFW",
    "caption": "What China can learn from Japan's economy pain?",
    "id": 341094268,
    "similarity": "0.27770453691482544"
  },
  {
    "url": "http://a.abcnews.com/images/International/HT_Weibo_pink_parking_spots_float_MT_140721_16x9_992.jpg",
    "NSFW": "UNLIKELY",
    "caption": "PHOTO: This undated Shenzhen Police Department photo posted to Weibo shows pink, woman-only, parking spots that are 11 inches wider than the standard parking spots in Shenzhen, China.",
    "id": 223944268,
    "similarity": "0.2776111960411072"
  },
  {
    "url": "https://pics.conservativememes.com/watching-popular-youtubers-who-do-shitty-stuff-watching-a-japanese-man-42552490.png",
    "NSFW": "NSFW",
    "caption": "Memes, Weird, and youtube.com: watching  popular  youtubers who  do shitty stuff  watching:a  japanese man  make knives  out of  increasingly  weird materials YouTube in a nutshell via /r/memes https://ift.tt/2OwVVVw",
    "id": 123900667,
    "similarity": "0.2775082290172577"
  },
  {
    "url": "http://www.quickmeme.com/img/44/44fa0b3aeb365ac1562cdecb1a594fd5c86be8963561906ce4db0c8a464207b9.jpg",
    "NSFW": "UNLIKELY",
    "caption": "What do you mean r/aww isn't a menu - What do you mean r/aww isn't a menu  kim jong un",
    "id": 1278872,
    "similarity": "0.27745991945266724"
  },
  {
    "url": "https://pics.me.me/thumb_when-you-get-spotted-by-a-chinese-fishing-boat-guess-27043515.png",
    "NSFW": "UNLIKELY",
    "caption": "College, Fail, and Fashion: When you get spotted by a  Chinese fishing boat  guess I'll die I've heard Shark Fin Soup is fucking delicious though 🦈 🍵 (follow @sean_speezy for fine meme cuisine) • • • vegan art fitness vape alcohol smoking nochill funny banter funnymemes savage dankmemes gymmotivation fitnessmotivation seanspeezy weedhumor hollywood celebrity fashion instagood college fail guessilldie chinese shark sharks sharkfinsoup fishing",
    "id": 336659894,
    "similarity": "0.27745166420936584"
  },
  {
    "url": "http://i.ytimg.com/vi/OfYGIeLIoFw/mqdefault.jpg",
    "NSFW": "UNLIKELY",
    "caption": "和雅菲一起做卡片Craft With Yaffil-翻轉方塊Magic Cube(教學影片\\tutorial)",
    "id": 156744566,
    "similarity": "0.2773474454879761"
  },
  {
    "url": "https://i0.wp.com/zaiditech.com/wp-content/uploads/2017/09/IMG_20170913_165606.jpg?resize=678%2C357",
    "NSFW": "UNLIKELY",
    "caption": "Earn Money with Youtube In Hindi - Youtube Se Paise Kaise Kamaye - Zaidi Tech",
    "id": 377365043,
    "similarity": "0.2772369980812073"
  },
  {
    "url": "https://funvizeo.com/media/memes/33f2a48b12dba532/atiow-japans-japan-japan-japan-japan-japan-japan-japan-memes-fe769b7d3f6ece3d-39510bb21c20ae82.jpg",
    "NSFW": "NSFW",
    "caption": "TULI ATIOW Japan's flag is also a pre chart of how much Japan is Jape Japan Japan JAPAN IS JAPAN Japan is Japan memes",
    "id": 65011670,
    "similarity": "0.2772273123264313"
  },
  {
    "url": "https://i.ytimg.com/vi/YdlXZb_XznA/maxresdefault.jpg",
    "NSFW": "UNLIKELY",
    "caption": "The History of Cure-Chan",
    "id": 224196890,
    "similarity": "0.2771647274494171"
  },
  {
    "url": "http://www.d-architects.jp/wp-content/uploads/2017/02/WAKA00-250x160.jpg",
    "NSFW": "UNLIKELY",
    "caption": "Incense Ceremony  &  Matcha Tea",
    "id": 61236358,
    "similarity": "0.2771355211734772"
  },
  {
    "url": "https://memepedia.ru/wp-content/uploads/2018/08/vu6h-1dbhywgbiwondx39yfcsf6e6y9kzgzvc-0vzhs.jpg",
    "NSFW": "NSFW",
    "caption": "Excuse Me What the Fuck",
    "id": 196738083,
    "similarity": "0.27697116136550903"
  },
  {
    "url": "http://eightasians.wpengine.netdna-cdn.com/wp-content/uploads/2012/02/Japanese-Venn-thumb-560x389.jpg",
    "NSFW": "UNSURE",
    "caption": "Japanese Venn thumb 560x389 What LA Thinks Japanese Food Is Vs. What Japanese Really Eat",
    "id": 151078121,
    "similarity": "0.27693960070610046"
  },
  {
    "url": "https://i.ytimg.com/vi/dgZhfJZqTOI/mqdefault.jpg",
    "NSFW": "UNLIKELY",
    "caption": "ยกยอ Minnow ►Fishing lifestyle Ep.209",
    "id": 294148514,
    "similarity": "0.2769244313240051"
  },
  {
    "url": "https://kanji-name.tokyo/wp-content/uploads/2015/03/g-c-sample-280x210.jpg",
    "NSFW": "UNLIKELY",
    "caption": "We already have a very cool Japanese Kanji name!",
    "id": 142910390,
    "similarity": "0.2768402695655823"
  },
  {
    "url": "http://i.ytimg.com/vi/L4Olrk115Tw/mqdefault.jpg",
    "NSFW": "UNLIKELY",
    "caption": "SHARK PUPPET PLAYS MINECRAFT!!!!!",
    "id": 198511340,
    "similarity": "0.2767829895019531"
  }
]